OverallQual,TotalBsmtSF,GarageArea,2ndFlrSF
9,1822,285.0457226700905,0.0
5,894,133.39117253532712,0.0
5,876,176.32900477004978,0.0
8,1568,309.97077471016314,0.0
7,1541,305.7980229114559,0.0
7,1221,165.48845934516194,0.0
6,1088,179.01632466188875,0.0
7,696,193.64523107428784,720.0
4,462,129.44629903264453,462.0
6,735,179.01632466188875,349.0
7,746,164.46436291558976,896.0
6,1362,185.6968153289392,0.0
6,756,179.68678278211752,788.0
6,1367,182.69716736945438,0.0
5,924,208.0375864841774,0.0
5,1360,227.3233741786852,0.0
7,728,165.48845934516194,728.0
7,1188,197.92101582126296,0.0
5,0,239.03924107877668,0.0
6,612,208.0375864841774,612.0
7,952,188.3543553698115,752.0
5,861,160.01043463202257,406.0
5,803,129.44629903264453,557.0
6,848,172.28123091575233,0.0
8,1482,277.4460585791062,780.0
4,836,164.12269004825268,0.0
7,1375,164.80588178452612,0.0
6,735,164.12269004825268,924.0
6,901,0.0,110.0
8,1501,198.57703988215275,0.0
6,1012,133.39117253532712,0.0
7,824,253.74431299566774,998.0
5,360,253.74431299566774,0.0
7,1057,246.8848407477101,872.0
5,911,223.49557540139048,0.0
9,1838,282.3149848814709,0.0
6,1296,329.77541616518965,0.0
5,1148,253.74431299566774,0.0
5,950,123.29768046297194,0.0
8,777,189.34883028916494,846.0
6,1065,179.01632466188875,720.0
7,1316,179.01632466188875,0.0
6,1442,235.88534915233944,0.0
5,1078,198.90487527481363,0.0
4,1040,213.21716123554413,0.0
8,408,207.71293751050914,640.0
7,651,108.5561979138691,682.0
5,1056,123.29768046297194,0.0
9,1792,315.0213093257311,0.0
6,1216,166.17042634141654,0.0
7,596,223.49557540139048,764.0
7,847,177.00166378124538,1112.0
6,1208,213.8626751473728,0.0
5,874,135.8884003807946,650.0
4,796,108.5561979138691,358.0
5,0,172.28123091575233,0.0
5,190,120.74665521673604,0.0
5,943,231.13720475842302,0.0
7,866,232.08851867062688,902.0
9,1393,286.56033814040904,1177.0
5,912,121.47670029290566,0.0
5,0,133.39117253532712,0.0
6,1405,202.50337700986015,0.0
10,2076,307.8859384624991,0.0
8,1318,278.3603905839762,1203.0
5,731,108.5561979138691,787.0
8,1573,211.27806103516085,0.0
6,1444,161.72662926244863,700.0
10,1237,316.7996337767334,0.0
6,585,191.33438811884034,728.0
7,1525,212.24809258491027,0.0
8,1571,269.1871508079949,0.0
5,796,0.0,0.0
5,994,176.32900477004978,994.0
7,384,166.17042634141654,670.0
4,648,153.10498602530362,0.0
5,732,155.87511287987692,1104.0
6,1040,193.64523107428784,0.0
9,2153,260.5636620446195,574.0
5,676,93.3668171661218,455.0
5,960,165.48845934516194,1000.0
5,1144,143.32164283053658,0.0
6,1056,223.49557540139048,0.0
4,693,0.0,0.0
6,1479,223.49557540139048,0.0
8,1594,192.9856045646044,0.0
5,864,148.92923789055263,0.0
8,1566,277.75090870105964,0.0
6,723,197.92101582126296,660.0
4,780,211.60151226267544,0.0
5,939,85.57220399239345,574.0
6,884,218.36951973871342,408.0
5,955,160.69738952541567,0.0
3,1007,97.21132113482625,0.0
5,1056,222.21647954239546,0.0
7,756,235.88534915233944,797.0
7,1614,312.3497120904917,0.0
8,2042,461.3901423681948,0.0
5,1073,139.79269765600677,0.0
5,672,108.5561979138691,213.0
6,1205,215.1524347584057,0.0
4,528,0.0,0.0
5,1150,130.52472623852734,0.0
6,728,165.48845934516194,728.0
7,944,227.3233741786852,0.0
6,750,219.65346511430124,750.0
5,1165,156.91115276479835,0.0
6,839,164.80588178452612,729.0
9,1104,303.70699791226184,1054.0
7,1560,222.53640328608606,0.0
5,728,134.8193881184699,0.0
4,630,125.47520493448346,0.0
6,1143,200.21504570851403,0.0
7,1063,336.5139187447764,1101.0
4,560,160.01043463202257,550.0
8,1184,215.1524347584057,1426.0
7,1026,333.2948607054419,932.0
8,1468,322.12164561018665,0.0
5,0,211.60151226267544,432.0
5,768,108.5561979138691,432.0
7,1092,178.3453207491424,438.0
4,795,179.01632466188875,795.0
6,1064,108.5561979138691,0.0
5,864,238.72426092221562,0.0
7,1208,179.01632466188875,0.0
6,483,117.44949135189955,504.0
7,1210,239.98364061998524,1281.0
5,765,179.01632466188875,600.0
8,1128,286.56033814040904,1141.0
9,1249,304.9022518661436,1347.0
4,907,148.92923789055263,0.0
6,855,179.01632466188875,0.0
5,1106,211.92485603451723,0.0
4,858,257.4688340265988,0.0
7,2223,204.13446138733897,0.0
4,1005,253.74431299566774,0.0
7,712,168.552553862498,809.0
5,1040,160.01043463202257,0.0
5,1268,186.02945761482917,0.0
7,874,224.13452625608596,887.0
6,1012,319.16735775922075,0.0
7,1385,178.68089111226743,0.0
6,1436,192.32548779110041,0.0
8,2109,304.6035341880838,0.0
7,1573,213.21716123554413,0.0
9,2330,298.91567027027776,0.0
7,1057,245.32011030033334,977.0
6,1291,175.99246631502788,0.0
5,858,0.0,0.0
6,560,123.29768046297194,560.0
2,290,110.79385205931327,0.0
6,672,179.01632466188875,728.0
5,920,108.5561979138691,0.0
6,1127,245.32011030033334,0.0
6,547,207.06330829055082,0.0
5,0,0.0,0.0
6,844,179.35162176383153,689.0
8,965,158.63459909228828,1254.0
6,912,0.0,912.0
6,872,172.95728259158386,868.0
5,912,223.49557540139048,0.0
6,1461,231.13720475842302,0.0
6,976,99.50227667677316,448.0
6,1316,164.46436291558976,0.0
5,768,182.36321501436257,0.0
5,756,108.5561979138691,378.0
8,1623,312.3497120904917,0.0
7,660,165.48845934516194,660.0
5,1013,211.27806103516085,966.0
5,1120,207.06330829055082,0.0
5,992,279.578484092029,0.0
4,546,0.0,546.0
7,718,263.65051023105826,978.0
5,845,223.49557540139048,0.0
6,894,252.50016607464713,1039.0
6,672,117.44949135189955,546.0
7,808,209.9831768506233,808.0
8,1220,217.08393070418526,870.0
5,1484,194.63375680240384,0.0
5,1656,200.86943207458552,0.0
6,818,97.21132113482625,406.0
6,992,162.06939307417332,1032.0
7,832,223.49557540139048,0.0
4,546,125.47520493448346,546.0
5,1268,113.02177349452599,0.0
7,799,215.1524347584057,834.0
8,1657,199.56019416934026,0.0
6,1478,201.52335543105042,0.0
6,932,132.67582246243043,0.0
7,1277,207.38817819496276,0.0
7,1530,240.6127912308024,0.0
5,1024,193.64523107428784,0.0
5,840,208.0375864841774,0.0
7,1314,239.3541309675066,0.0
7,1391,313.24079554443506,571.0
7,788,161.38370771975727,702.0
6,848,172.28123091575233,0.0
5,672,108.5561979138691,0.0
7,1152,113.02177349452599,1152.0
5,660,85.57220399239345,704.0
7,725,193.64523107428784,754.0
7,1226,274.6991113444867,0.0
6,832,180.3566980148661,1111.0
6,1158,223.49557540139048,0.0
5,1154,192.32548779110041,0.0
7,880,207.71293751050914,844.0
6,773,175.99246631502788,885.0
4,0,205.4372912189471,0.0
5,816,130.52472623852734,521.0
8,728,355.9795613631513,1479.0
6,483,117.44949135189955,504.0
5,644,0.0,547.0
7,585,200.54229690253226,0.0
7,744,179.01632466188875,0.0
8,1976,325.0700429127321,0.0
8,1563,280.18709752604155,0.0
7,572,126.19922466760396,539.0
7,776,119.64979108425858,651.0
3,0,183.03098718470412,0.0
9,1848,264.2669340948602,880.0
5,630,117.44949135189955,672.0
7,1332,226.68638681125114,192.0
4,0,256.22863779457964,468.0
5,1125,175.65578805338205,0.0
7,600,192.32548779110041,600.0
6,798,205.4372912189471,842.0
7,1223,207.06330829055082,904.0
6,972,108.5561979138691,0.0
8,1128,187.6907381572603,878.0
5,1144,229.8674593526712,0.0
5,1062,126.19922466760396,0.0
5,926,193.64523107428784,0.0
8,1086,228.59618654576587,838.0
5,1164,108.5561979138691,0.0
5,952,304.9022518661436,0.0
8,684,0.0,1215.0
6,880,211.92485603451723,0.0
6,482,253.74431299566774,691.0
6,1004,192.32548779110041,0.0
4,747,132.31783407764783,456.0
5,915,197.26451886576754,0.0
5,1145,179.01632466188875,0.0
7,1453,180.69145294847075,0.0
8,1581,253.12240587873086,0.0
8,1588,300.4147451087206,0.0
6,588,117.44949135189955,0.0
5,1050,154.4913964557254,0.0
4,960,176.32900477004978,0.0
5,810,123.29768046297194,454.0
6,1489,186.36197073784422,0.0
7,1726,288.6778777271005,0.0
7,1362,193.64523107428784,720.0
7,1309,193.64523107428784,0.0
8,1284,371.7866186619297,1140.0
7,879,250.00785640430325,984.0
5,768,164.12269004825268,0.0
1,0,0.0,0.0
6,1136,160.01043463202257,0.0
6,1237,167.19223983127702,0.0
5,912,126.19922466760396,0.0
5,864,117.44949135189955,936.0
5,720,108.5561979138691,720.0
5,658,0.0,526.0
7,925,133.39117253532712,925.0
5,1063,238.72426092221562,0.0
6,1422,223.49557540139048,0.0
5,1632,223.49557540139048,0.0
7,1630,182.69716736945438,0.0
3,1013,0.0,0.0
4,0,172.28123091575233,0.0
6,806,99.50227667677316,806.0
4,1122,223.49557540139048,653.0
6,1416,171.60460273786143,0.0
8,1482,313.24079554443506,1092.0
6,764,205.4372912189471,764.0
6,1248,205.4372912189471,0.0
6,958,179.01632466188875,0.0
6,833,155.1835892721893,795.0
4,1281,195.6211927499154,0.0
6,1158,165.48845934516194,0.0
6,735,101.02325828303499,0.0
5,892,126.19922466760396,0.0
5,788,108.5561979138691,0.0
5,1140,0.0,0.0
6,780,193.31547895294645,813.0
6,848,215.47461177215646,912.0
10,1017,296.5137365038125,981.0
5,691,99.50227667677316,0.0
8,768,254.98713382359483,0.0
6,994,139.43874661621794,639.0
7,994,179.68678278211752,776.0
7,884,212.89424495354288,884.0
10,1930,295.01037557152085,1796.0
6,1298,166.511181995726,0.0
7,1501,193.64523107428784,0.0
5,630,0.0,0.0
6,1103,179.01632466188875,0.0
4,859,160.01043463202257,319.0
4,1196,179.01632466188875,0.0
7,1372,208.36212536193779,0.0
6,1099,129.08639116154424,0.0
7,1422,239.3541309675066,0.0
6,1580,199.23259327862584,874.0
4,1121,179.01632466188875,0.0
8,1143,308.48191887168264,1330.0
5,1057,223.49557540139048,0.0
5,1097,231.77150843726017,0.0
8,1152,253.43340095005576,1106.0
9,2002,276.53107011582705,0.0
6,672,179.01632466188875,714.0
8,1082,364.3328316790799,871.0
8,1337,186.36197073784422,0.0
8,969,246.25920824758276,1288.0
8,1705,300.7143644293775,0.0
5,1024,193.64523107428784,0.0
7,1373,250.00785640430325,0.0
7,1902,220.61535375374737,0.0
7,1216,260.25454057146743,1216.0
5,1086,208.0375864841774,0.0
6,1054,185.6968153289392,0.0
8,1225,254.98713382359483,1336.0
5,876,126.19922466760396,0.0
7,845,193.64523107428784,0.0
6,689,130.16546571995406,703.0
5,1109,223.49557540139048,0.0
5,1208,108.5561979138691,768.0
6,862,96.44508425925734,208.0
6,611,199.56019416934026,611.0
7,975,175.3189696024528,1286.0
4,649,112.28019736487796,668.0
8,1734,330.9494694933993,0.0
6,1194,134.8193881184699,0.0
5,876,268.57320056466216,540.0
5,1383,149.62694284653665,0.0
5,1001,314.13132721008583,1001.0
8,1496,190.34217172595746,0.0
5,984,250.00785640430325,620.0
5,680,200.21504570851403,0.0
6,741,191.00377380996,755.0
7,1494,304.9022518661436,0.0
6,960,85.57220399239345,0.0
7,1145,164.46436291558976,0.0
6,742,0.0,742.0
6,819,207.06330829055082,0.0
5,650,258.0884445580913,581.0
9,1122,248.75967457128948,1370.0
4,600,208.0375864841774,0.0
7,1108,225.73017489802882,989.0
10,3138,317.98397580592786,1538.0
6,698,238.72426092221562,390.0
4,720,0.0,0.0
8,1580,301.91219265130985,0.0
4,1440,0.0,0.0
6,738,211.92485603451723,0.0
7,1500,221.5763312632316,0.0
5,884,99.50227667677316,464.0
5,864,317.98397580592786,0.0
6,1394,203.48236880132762,0.0
6,800,193.64523107428784,832.0
5,912,143.32164283053658,0.0
6,1370,312.0525612635945,1254.0
5,1140,147.88134839740746,0.0
5,440,179.01632466188875,548.0
8,853,179.01632466188875,1178.0
6,728,175.3189696024528,728.0
4,864,250.00785640430325,0.0
6,970,158.63459909228828,739.0
8,810,208.0375864841774,855.0
7,1347,248.75967457128948,1274.0
7,798,229.54978481672347,0.0
3,978,172.28123091575233,685.0
4,1364,208.36212536193779,0.0
5,1728,200.21504570851403,0.0
6,1055,186.36197073784422,790.0
6,822,179.01632466188875,831.0
8,1489,285.65177863144186,0.0
6,864,130.52472623852734,0.0
5,1256,121.84136660398002,0.0
5,816,297.7152308925753,0.0
7,864,196.27888182828912,918.0
7,1104,302.8098848825713,1215.0
5,1065,186.02945761482917,0.0
6,1200,134.8193881184699,0.0
7,1187,241.24158414177822,0.0
8,1094,244.3802295212765,1349.0
7,1720,207.71293751050914,0.0
5,672,0.0,0.0
6,1278,197.59282659549066,0.0
5,1090,182.36321501436257,0.0
8,1141,172.28123091575233,0.0
5,969,179.01632466188875,0.0
3,894,422.26827622464225,0.0
5,1008,151.71584673234162,0.0
6,979,196.27888182828912,979.0
8,1795,321.2359812851836,0.0
9,1930,233.03898515487435,0.0
5,1176,178.68089111226743,0.0
6,672,165.48845934516194,672.0
7,1417,216.44051546998358,0.0
5,864,144.0251619065409,0.0
5,616,93.3668171661218,495.0
6,680,172.28123091575233,790.0
6,1116,179.01632466188875,0.0
6,864,126.19922466760396,0.0
5,1297,198.24908682369013,0.0
5,1113,117.44949135189955,0.0
7,1490,223.8151004155335,0.0
7,756,235.56945684805234,783.0
7,991,255.6080498435877,956.0
8,1709,325.0700429127321,0.0
6,1010,179.01632466188875,0.0
7,1117,184.03165483324946,886.0
7,1266,161.38370771975727,0.0
9,1992,267.3443821284118,876.0
7,952,216.44051546998358,1276.0
7,1414,196.93609235025454,0.0
6,928,189.34883028916494,785.0
6,713,177.00166378124538,741.0
4,698,208.0375864841774,430.0
6,1096,151.02024264023115,0.0
6,1728,222.85622704056888,0.0
8,1629,265.8066275289298,762.0
5,1437,183.03098718470412,0.0
7,1156,165.48845934516194,530.0
7,856,165.48845934516194,0.0
8,1370,193.64523107428784,0.0
6,1680,192.32548779110041,0.0
7,970,158.63459909228828,739.0
6,483,117.44949135189955,0.0
7,793,99.50227667677316,901.0
6,952,151.71584673234162,1175.0
6,1059,117.44949135189955,0.0
6,1604,209.65918479803466,0.0
6,1244,143.32164283053658,0.0
4,700,113.02177349452599,0.0
7,600,192.32548779110041,623.0
6,1686,234.9373955370565,0.0
8,1638,292.9028616918859,0.0
5,864,117.44949135189955,0.0
7,939,243.4395616008366,858.0
4,0,186.36197073784422,0.0
7,992,304.6035341880838,873.0
5,1056,133.39117253532712,0.0
9,1926,298.91567027027776,1174.0
6,506,196.27888182828912,0.0
8,1686,242.49810218539218,0.0
6,802,169.91048870476024,709.0
5,1057,110.79385205931327,0.0
4,777,218.36951973871342,1044.0
7,1204,288.6778777271005,806.0
7,1673,229.23201463012614,1523.0
7,880,202.829821676769,807.0
6,1372,184.69811018101515,0.0
7,1346,178.00961320487193,0.0
8,1053,246.25920824758276,0.0
7,600,186.36197073784422,628.0
5,999,117.44949135189955,0.0
4,622,208.0375864841774,622.0
6,1127,195.6211927499154,0.0
9,1626,263.03377252047784,0.0
8,1158,308.7798150304596,1218.0
5,540,148.92923789055263,551.0
6,794,161.38370771975727,676.0
7,1541,209.3350838643398,0.0
4,1440,0.0,0.0
7,868,178.3453207491424,0.0
8,1494,192.6556076106448,0.0
9,1462,274.0878677858362,0.0
5,731,87.92610049735075,523.0
8,1028,257.15890707486363,1242.0
6,816,211.92485603451723,850.0
7,1064,200.21504570851403,703.0
8,1324,215.1524347584057,0.0
6,912,141.20656715645381,546.0
6,1314,179.01632466188875,0.0
6,1575,208.36212536193779,0.0
9,1620,326.24776964573954,0.0
4,1104,131.9596357206317,684.0
6,814,108.5561979138691,0.0
6,1542,198.90487527481363,0.0
8,776,196.27888182828912,677.0
7,815,102.91756224348276,875.0
5,1188,223.49557540139048,0.0
7,1568,201.52335543105042,0.0
5,864,0.0,0.0
5,536,143.32164283053658,576.0
7,700,276.53107011582705,1121.0
4,686,97.21132113482625,518.0
4,656,99.50227667677316,0.0
6,698,160.01043463202257,698.0
9,1856,303.10898679359644,0.0
8,1582,289.58435892816595,551.0
6,1602,208.36212536193779,0.0
5,630,123.29768046297194,672.0
6,783,163.09674286712075,702.0
5,912,148.92923789055263,0.0
6,1004,172.28123091575233,0.0
6,1181,223.49557540139048,304.0
4,747,101.02325828303499,0.0
4,0,172.28123091575233,0.0
7,831,196.6075467658715,829.0
5,1026,133.39117253532712,665.0
5,864,268.57320056466216,0.0
6,744,117.44949135189955,0.0
7,963,219.65346511430124,829.0
7,764,190.34217172595746,862.0
8,1476,189.6800696248131,0.0
7,1470,313.8345444928342,1818.0
9,1652,304.9022518661436,0.0
5,1276,148.23082329703007,0.0
6,856,120.0156533785571,0.0
4,720,0.0,472.0
5,840,200.21504570851403,0.0
7,1157,183.69823057406808,0.0
5,0,162.7544494047876,0.0
7,728,209.3350838643398,883.0
5,264,143.32164283053658,688.0
6,684,99.50227667677316,684.0
3,840,158.29023611826707,765.0
10,2006,322.7117938445638,0.0
7,625,208.0375864841774,625.0
8,1624,279.8828268252988,0.0
4,845,151.71584673234162,0.0
5,1389,171.60460273786143,0.0
5,968,192.32548779110041,0.0
4,546,125.47520493448346,546.0
6,848,172.28123091575233,0.0
5,1269,133.39117253532712,0.0
5,1092,126.19922466760396,0.0
7,795,211.60151226267544,795.0
4,952,124.38747451131742,0.0
4,736,0.0,716.0
5,1039,200.21504570851403,0.0
6,1204,169.57122655193663,0.0
6,1029,253.74431299566774,0.0
7,2158,262.72528564372715,0.0
5,985,140.500017948933,0.0
8,3206,316.7996337767334,0.0
7,861,99.50227667677316,600.0
5,980,193.64523107428784,0.0
7,1095,227.95997357417522,1129.0
6,602,85.57220399239345,602.0
6,697,176.32900477004978,626.0
8,1034,303.70699791226184,1028.0
2,264,0.0,0.0
8,1573,304.9022518661436,0.0
8,1932,285.0457226700905,0.0
5,1075,166.85178634550388,0.0
5,882,123.29768046297194,0.0
10,1700,288.6778777271005,0.0
5,636,108.5561979138691,661.0
7,1379,303.10898679359644,1015.0
8,774,256.22863779457964,1194.0
7,1536,209.3350838643398,0.0
3,864,93.3668171661218,0.0
8,3200,213.8626751473728,0.0
7,1434,253.12240587873086,631.0
7,1240,312.0525612635945,1320.0
7,1304,208.68655438874913,0.0
8,1030,316.20710112838674,1060.0
5,864,151.71584673234162,0.0
5,784,208.68655438874913,800.0
6,1040,192.32548779110041,0.0
6,684,208.0375864841774,512.0
5,1052,182.69716736945438,668.0
5,1728,223.49557540139048,0.0
8,1128,223.8151004155335,903.0
6,1196,129.44629903264453,0.0
5,720,151.71584673234162,0.0
5,780,186.36197073784422,840.0
8,2077,390.2811714149694,0.0
9,1869,236.5168579407844,0.0
7,930,175.99246631502788,930.0
2,480,133.39117253532712,0.0
4,0,204.13446138733897,0.0
4,816,126.19922466760396,0.0
7,1271,191.66487834858205,0.0
6,936,182.69716736945438,830.0
8,1338,291.6970853452571,1168.0
5,1144,291.6970853452571,0.0
5,612,237.778777138893,1611.0
6,972,134.8193881184699,605.0
5,970,238.72426092221562,0.0
7,2136,203.15615218662492,0.0
6,1026,179.01632466188875,0.0
5,698,0.0,0.0
7,1533,223.49557540139048,0.0
5,720,250.00785640430325,0.0
7,1391,208.68655438874913,0.0
5,1078,108.5561979138691,0.0
8,1267,189.34883028916494,0.0
6,1442,130.88377266501388,0.0
5,940,0.0,940.0
7,1502,245.00690390054575,0.0
6,1392,185.0311419449032,0.0
4,1768,0.0,0.0
5,1624,162.06939307417332,0.0
6,958,130.88377266501388,0.0
5,894,231.13720475842302,0.0
6,1224,166.17042634141654,0.0
10,1682,306.6932228405083,590.0
8,1256,175.65578805338205,0.0
8,1732,266.11433304211477,0.0
6,728,162.06939307417332,728.0
6,655,211.60151226267544,0.0
5,1008,108.5561979138691,0.0
7,1373,175.65578805338205,0.0
5,747,85.57220399239345,892.0
7,637,123.29768046297194,0.0
5,384,165.48845934516194,640.0
7,980,197.59282659549066,734.0
5,0,128.36592206161038,0.0
3,728,0.0,0.0
6,626,126.19922466760396,591.0
5,990,130.16546571995406,0.0
8,1117,259.6360576977966,1320.0
6,848,172.28123091575233,0.0
6,672,130.52472623852734,672.0
6,1218,254.98713382359483,0.0
6,588,253.74431299566774,748.0
8,1247,215.1524347584057,0.0
6,1330,237.14800013819095,1330.0
8,1600,192.9856045646044,0.0
6,1844,213.8626751473728,0.0
7,1113,259.01725401180926,858.0
6,982,186.69435502694506,793.0
7,1050,222.85622704056888,887.0
4,630,0.0,0.0
7,1494,208.68655438874913,0.0
3,600,0.0,0.0
7,1274,201.52335543105042,0.0
6,1156,153.10498602530362,0.0
6,660,208.0375864841774,0.0
7,783,163.09674286712075,702.0
7,793,215.1524347584057,793.0
6,816,0.0,0.0
7,1176,216.7622749961237,0.0
4,941,214.5077657155377,0.0
6,1080,208.0375864841774,0.0
5,768,108.5561979138691,0.0
8,1694,298.3155820775597,0.0
8,1800,282.3149848814709,0.0
5,662,218.36951973871342,915.0
6,1040,135.8884003807946,678.0
6,940,223.49557540139048,0.0
5,876,168.212699474484,0.0
5,1126,193.64523107428784,0.0
8,1136,314.4280488663634,1332.0
6,938,211.92485603451723,0.0
5,1052,126.19922466760396,0.0
6,572,0.0,524.0
6,1141,193.64523107428784,0.0
6,732,193.64523107428784,778.0
8,1004,250.00785640430325,848.0
6,520,0.0,0.0
5,624,203.15615218662492,720.0
7,1947,223.49557540139048,0.0
6,907,151.71584673234162,1051.0
8,1142,302.2114879026768,1540.0
7,1364,193.64523107428784,0.0
7,1237,166.17042634141654,0.0
6,1328,208.0375864841774,0.0
5,978,125.47520493448346,0.0
7,768,194.3043697037363,800.0
6,952,90.26648204520593,0.0
8,1660,198.90487527481363,0.0
9,2216,399.3159063549737,0.0
6,768,77.62116042368683,0.0
7,1340,164.12269004825268,0.0
6,1610,192.32548779110041,0.0
5,1361,231.13720475842302,1259.0
7,1248,178.3453207491424,0.0
6,912,126.19922466760396,0.0
6,943,189.6800696248131,0.0
4,1249,452.0909805043619,0.0
6,1028,85.57220399239345,884.0
5,1144,184.36494792274613,0.0
5,793,123.66117603062696,672.0
6,1516,189.6800696248131,0.0
7,1498,254.67655243070186,0.0
6,804,218.36951973871342,1157.0
7,728,179.01632466188875,728.0
7,1032,147.88134839740746,1196.0
9,1896,264.88304515874705,0.0
7,1368,190.34217172595746,0.0
7,873,227.3233741786852,908.0
9,1452,310.2683588211891,1237.0
5,720,134.8193881184699,551.0
7,1845,232.40543474577407,0.0
7,1190,223.8151004155335,900.0
6,794,213.8626751473728,914.0
7,1302,177.67376810998468,0.0
8,2524,212.57122214713675,0.0
4,840,144.0251619065409,534.0
7,764,190.34217172595746,862.0
5,735,108.5561979138691,299.0
8,1518,227.3233741786852,0.0
7,1040,108.5561979138691,592.0
7,1649,230.50252222768185,0.0
6,854,176.32900477004978,895.0
7,650,139.0846007122382,650.0
8,1742,219.65346511430124,0.0
5,686,123.29768046297194,564.0
6,816,208.0375864841774,0.0
8,908,200.86943207458552,988.0
6,940,108.5561979138691,403.0
6,992,157.60102174987867,0.0
8,832,215.79668407996368,1103.0
8,1777,209.9831768506233,0.0
7,847,177.00166378124538,1081.0
5,1051,143.32164283053658,0.0
6,855,179.01632466188875,601.0
7,798,175.99246631502788,817.0
8,1868,316.7996337767334,0.0
8,1565,251.56618001131733,0.0
7,814,250.94310333915124,860.0
5,974,0.0,0.0
8,1065,226.68638681125114,898.0
7,1080,255.6080498435877,1017.0
7,1424,198.90487527481363,0.0
5,1120,268.57320056466216,0.0
7,1026,108.5561979138691,687.0
6,689,225.73017489802882,741.0
8,1234,251.87759241006404,1312.0
5,780,0.0,240.0
4,1095,286.56033814040904,679.0
1,683,0.0,0.0
7,673,195.6211927499154,709.0
10,1107,304.9022518661436,1518.0
6,1008,95.29325530330426,1032.0
6,806,156.22062505426013,766.0
7,1643,274.39352661692715,0.0
5,1056,131.9596357206317,0.0
5,784,162.7544494047876,272.0
6,1362,200.21504570851403,0.0
6,848,172.28123091575233,0.0
7,1454,207.71293751050914,0.0
7,1208,239.98364061998524,0.0
5,796,220.29482572448245,370.0
8,1986,259.6360576977966,0.0
7,1311,347.00268283903404,1093.0
7,1314,239.3541309675066,0.0
7,970,158.63459909228828,739.0
6,672,0.0,546.0
6,1440,0.0,1440.0
5,1200,0.0,0.0
5,912,129.44629903264453,0.0
10,2444,302.51071861597455,1872.0
7,856,214.5077657155377,854.0
8,1181,248.75967457128948,1140.0
7,704,106.30852457571744,704.0
5,1466,208.0375864841774,0.0
6,1383,127.64457600664295,0.0
5,0,168.89225955404441,0.0
5,990,223.49557540139048,0.0
7,918,108.5561979138691,728.0
6,1020,179.01632466188875,1020.0
7,539,215.1524347584057,685.0
8,1683,212.24809258491027,743.0
6,952,223.49557540139048,1020.0
4,672,108.5561979138691,567.0
7,600,192.32548779110041,600.0
5,672,188.3543553698115,672.0
7,840,198.90487527481363,828.0
3,0,165.48845934516194,0.0
5,900,223.49557540139048,0.0
5,1559,296.5137365038125,0.0
4,864,111.53756023933983,0.0
6,923,117.44949135189955,0.0
7,1552,287.4682708659059,0.0
7,756,244.3802295212765,0.0
5,1461,179.01632466188875,0.0
6,483,117.44949135189955,504.0
6,1200,205.76271780854202,0.0
5,768,123.66117603062696,568.0
5,894,143.32164283053658,0.0
5,0,143.32164283053658,0.0
7,1053,208.0375864841774,0.0
5,1063,223.49557540139048,0.0
4,1051,185.36404354965805,0.0
7,1203,268.8802138299847,1306.0
6,1215,129.44629903264453,0.0
8,1165,306.09648622700917,1323.0
7,600,192.32548779110041,600.0
5,1728,218.36951973871342,0.0
7,576,192.32548779110041,808.0
8,1396,313.8345444928342,985.0
7,996,184.69811018101515,730.0
7,813,219.01169702165092,843.0
7,1264,290.49022269267743,1414.0
4,864,208.0375864841774,0.0
4,672,106.30852457571744,0.0
5,1164,219.65346511430124,0.0
6,1078,179.01632466188875,0.0
7,1710,215.1524347584057,0.0
5,1219,199.56019416934026,0.0
8,1273,165.48845934516194,0.0
5,927,223.49557540139048,472.0
7,1907,282.61868332431794,0.0
5,1008,0.0,0.0
5,0,0.0,0.0
7,1107,193.64523107428784,983.0
5,1214,186.02945761482917,0.0
5,1763,183.69823057406808,0.0
8,1616,295.3111809791813,0.0
8,1554,239.66893075818072,0.0
7,964,244.3802295212765,1243.0
4,796,0.0,0.0
6,840,133.39117253532712,840.0
6,848,172.28123091575233,0.0
5,1142,208.0375864841774,0.0
6,1602,219.65346511430124,0.0
9,1684,219.65346511430124,0.0
8,2000,319.16735775922075,0.0
7,1616,303.10898679359644,0.0
8,1299,209.01087380856498,573.0
5,1042,102.91756224348276,534.0
7,807,223.17595101090774,807.0
5,876,121.84136660398002,0.0
8,1844,237.4634342013669,0.0
6,1258,208.0375864841774,0.0
8,1260,198.90487527481363,0.0
8,1626,312.6468013571425,0.0
6,855,179.01632466188875,0.0
8,707,166.511181995726,707.0
7,1504,191.66487834858205,0.0
7,1670,259.3266960247444,0.0
7,1192,204.78610150796126,651.0
6,1069,179.01632466188875,0.0
6,547,207.06330829055082,0.0
5,1572,350.4835381275084,0.0
5,1088,184.36494792274613,561.0
4,882,0.0,0.0
9,1922,254.98713382359483,0.0
5,780,148.92923789055263,0.0
5,533,130.52472623852734,580.0
7,1530,175.65578805338205,0.0
5,833,0.0,0.0
3,649,133.39117253532712,504.0
5,1040,115.97766325458127,0.0
8,1466,366.9167172190141,1362.0
6,1032,126.19922466760396,220.0
5,1246,132.31783407764783,0.0
6,884,85.57220399239345,0.0
5,686,170.92739481095114,686.0
5,832,126.19922466760396,0.0
6,896,145.42997221612808,741.0
7,1358,193.64523107428784,0.0
6,1657,193.64523107428784,0.0
6,816,121.47670029290566,0.0
7,992,162.06939307417332,1038.0
7,764,190.34217172595746,862.0
6,663,130.16546571995406,689.0
5,768,108.5561979138691,408.0
6,715,108.5561979138691,811.0
6,616,176.32900477004978,796.0
6,756,99.50227667677316,713.0
7,384,165.48845934516194,656.0
6,1094,197.26451886576754,0.0
8,1814,280.18709752604155,0.0
5,672,223.49557540139048,252.0
8,1488,208.0375864841774,0.0
6,616,232.08851867062688,1072.0
6,1262,222.21647954239546,0.0
9,1905,289.28226726852967,0.0
7,1153,212.24809258491027,878.0
6,1064,191.66487834858205,0.0
7,941,235.25347236865275,888.0
5,828,130.52472623852734,0.0
4,672,123.29768046297194,252.0
8,1055,324.1861376507322,1208.0
6,1127,211.92485603451723,872.0
7,1242,208.0375864841774,0.0
4,884,108.5561979138691,584.0
7,884,177.00166378124538,1151.0
6,1232,204.13446138733897,0.0
7,803,193.31547895294645,866.0
4,576,0.0,348.0
5,894,182.36321501436257,0.0
6,1054,237.14800013819095,1142.0
5,768,164.12269004825268,0.0
4,0,0.0,0.0
5,1040,200.21504570851403,1040.0
5,1040,223.49557540139048,0.0
6,1149,99.50227667677316,467.0
4,641,120.74665521673604,0.0
5,1134,193.64523107428784,0.0
6,832,208.0375864841774,0.0
5,894,160.01043463202257,0.0
5,596,89.0979489481821,596.0
9,1833,284.4393860178734,0.0
5,864,126.19922466760396,0.0
5,864,117.44949135189955,0.0
6,1214,200.86943207458552,1031.0
5,849,151.71584673234162,1063.0
6,926,189.01746501197877,678.0
7,868,172.95728259158386,1134.0
5,938,133.39117253532712,0.0
7,912,99.50227667677316,514.0
5,928,165.48845934516194,992.0
5,1098,115.97766325458127,0.0
3,270,0.0,0.0
6,1252,208.0375864841774,0.0
5,1584,290.49022269267743,0.0
9,1498,228.59618654576587,0.0
9,1698,200.86943207458552,0.0
5,1092,130.16546571995406,0.0
9,1746,280.18709752604155,0.0
7,1304,252.18892104855126,983.0
5,768,93.3668171661218,0.0
5,1041,119.64979108425858,0.0
8,967,175.99246631502788,915.0
6,1010,162.06939307417332,1257.0
5,715,85.57220399239345,0.0
5,1216,153.10498602530362,0.0
6,1567,266.72951192337996,0.0
9,1734,357.71129952222594,1088.0
7,689,151.71584673234162,689.0
4,715,154.4913964557254,457.0
6,1151,205.76271780854202,896.0
5,936,125.47520493448346,0.0
7,840,179.01632466188875,880.0
5,1050,144.0251619065409,0.0
6,1114,223.49557540139048,0.0
5,1008,277.75090870105964,0.0
8,1593,256.8488988126423,0.0
5,1214,136.95559319236165,0.0
5,816,117.44949135189955,0.0
5,0,165.48845934516194,0.0
8,1360,291.39547177464755,1360.0
8,1079,257.7786798078291,840.0
5,1097,253.74431299566774,0.0
6,983,173.2950932467435,767.0
6,483,126.19922466760396,504.0
6,981,223.49557540139048,0.0
5,1398,181.3605592348336,0.0
5,816,133.39117253532712,0.0
7,944,238.09402912353542,896.0
6,942,223.49557540139048,1230.0
5,1002,323.3017070797292,0.0
4,721,128.36592206161038,0.0
6,936,219.65346511430124,0.0
8,1713,309.6731283613487,0.0
6,1392,223.49557540139048,0.0
6,912,329.48176062389206,0.0
4,1064,246.25920824758276,0.0
8,1595,233.67216112491107,0.0
6,1184,231.4544038614794,0.0
7,975,223.49557540139048,975.0
5,1086,195.6211927499154,0.0
5,1324,208.0375864841774,504.0
5,768,238.72426092221562,0.0
6,1161,254.98713382359483,0.0
8,1284,245.94626231558135,885.0
3,0,125.83732756882713,0.0
6,1510,205.4372912189471,1208.0
4,936,223.49557540139048,0.0
4,1138,227.3233741786852,0.0
7,1689,338.55891857944744,0.0
4,948,123.29768046297194,0.0
6,756,179.01632466188875,756.0
5,894,182.36321501436257,0.0
7,900,245.00690390054575,920.0
4,0,126.92234593211268,0.0
3,544,0.0,0.0
8,2033,251.87759241006404,1185.0
7,1232,241.24158414177822,0.0
7,1164,208.0375864841774,0.0
5,912,77.62116042368683,336.0
5,747,222.21647954239546,0.0
6,860,179.01632466188875,1100.0
4,546,125.47520493448346,0.0
4,894,165.48845934516194,0.0
7,1453,217.72693154439705,0.0
5,1060,119.64979108425858,0.0
7,1436,193.64523107428784,0.0
5,540,200.21504570851403,0.0
7,880,137.66605423552767,888.0
6,816,176.32900477004978,0.0
7,384,165.48845934516194,656.0
5,1617,131.6012265791836,0.0
7,1356,246.25920824758276,0.0
4,1100,134.8193881184699,0.0
5,816,117.44949135189955,0.0
5,1350,133.39117253532712,0.0
10,1722,305.49949613869313,568.0
5,864,222.21647954239546,0.0
7,1257,183.36467480512343,0.0
4,858,0.0,0.0
6,832,200.86943207458552,878.0
4,732,117.44949135189955,351.0
6,953,185.6968153289392,694.0
5,864,126.19922466760396,0.0
8,1753,206.08803255885576,0.0
6,1477,170.92739481095114,0.0
5,780,193.64523107428784,780.0
5,1626,227.3233741786852,0.0
6,561,186.36197073784422,668.0
8,1566,319.75869030087443,0.0
6,916,185.6968153289392,684.0
5,896,108.5561979138691,448.0
5,1126,211.92485603451723,0.0
5,876,117.44949135189955,0.0
5,616,95.29325530330426,0.0
5,1800,0.0,0.0
6,1505,200.54229690253226,0.0
5,1430,237.778777138893,0.0
4,1132,182.69716736945438,0.0
6,928,189.01746501197877,836.0
4,0,108.5561979138691,441.0
6,804,143.32164283053658,748.0
7,1346,184.69811018101515,0.0
3,1162,101.02325828303499,0.0
6,756,179.01632466188875,756.0
5,935,126.19922466760396,0.0
6,813,119.64979108425858,0.0
5,896,104.8043607969282,896.0
7,1475,203.48236880132762,797.0
5,910,124.02444039231914,648.0
7,832,208.0375864841774,832.0
7,2110,206.08803255885576,0.0
6,824,257.4688340265988,881.0
5,757,143.32164283053658,550.0
5,811,114.50178213896714,576.0
7,976,158.63459909228828,732.0
6,912,179.01632466188875,649.0
5,954,205.4372912189471,648.0
7,915,196.6075467658715,975.0
5,931,200.86943207458552,0.0
7,1212,222.53640328608606,0.0
7,952,253.74431299566774,596.0
5,980,160.01043463202257,0.0
6,1073,189.01746501197877,0.0
4,1056,160.01043463202257,0.0
8,1234,193.64523107428784,0.0
5,630,179.01632466188875,672.0
6,319,0.0,371.0
5,858,223.49557540139048,0.0
9,1175,273.47632733958284,1142.0
5,105,170.24960385410645,0.0
6,780,179.68678278211752,813.0
6,684,165.48845934516194,876.0
5,0,240.6127912308024,0.0
8,1338,225.4112419107534,0.0
5,1188,134.8193881184699,0.0
7,1459,207.71293751050914,0.0
7,1306,209.65918479803466,954.0
7,1413,232.72225684623285,0.0
5,996,0.0,0.0
6,1092,200.21504570851403,0.0
7,625,239.03924107877668,625.0
7,864,222.21647954239546,864.0
5,924,123.29768046297194,0.0
6,1199,208.68655438874913,0.0
5,948,130.52472623852734,0.0
5,925,175.3189696024528,0.0
5,458,153.79853015040896,0.0
8,1580,234.30496410578502,886.0
7,924,194.63375680240384,941.0
5,1040,222.21647954239546,0.0
10,2633,294.10755812784333,0.0
5,993,123.29768046297194,0.0
6,953,185.6968153289392,711.0
6,784,151.71584673234162,0.0
6,1196,190.0111833328996,0.0
4,1134,124.75027934350086,0.0
5,1268,110.0490625885595,0.0
7,1428,192.32548779110041,0.0
6,1041,148.92923789055263,0.0
5,1008,121.47670029290566,0.0
8,1622,310.86334067143883,0.0
6,864,254.05514216104933,864.0
5,952,138.3757214775048,0.0
5,1040,125.47520493448346,0.0
8,1686,202.50337700986015,0.0
7,935,186.36197073784422,0.0
5,1392,208.0375864841774,0.0
5,608,119.64979108425858,0.0
6,742,162.06939307417332,742.0
5,971,130.52472623852734,0.0
6,1029,211.60151226267544,0.0
6,945,0.0,0.0
7,1405,191.66487834858205,0.0
6,959,189.6800696248131,712.0
5,1056,197.26451886576754,0.0
5,0,253.74431299566774,720.0
6,918,117.44949135189955,0.0
5,1437,208.0375864841774,0.0
6,1069,179.01632466188875,0.0
6,727,179.35162176383153,727.0
7,817,202.17681792288346,1070.0
8,1935,321.2359812851836,0.0
7,710,219.65346511430124,1080.0
6,848,172.28123091575233,0.0
7,384,165.48845934516194,670.0
5,1056,115.97766325458127,0.0
5,864,193.64523107428784,0.0
6,1032,219.65346511430124,0.0
5,961,144.0251619065409,0.0
5,1235,192.32548779110041,0.0
7,910,268.26611088721927,0.0
6,483,117.44949135189955,504.0
6,975,200.21504570851403,0.0
5,1006,0.0,0.0
5,780,0.0,780.0
7,860,219.9741962484763,0.0
4,960,133.39117253532712,0.0
7,1604,250.00785640430325,0.0
8,2217,237.778777138893,0.0
6,1844,211.92485603451723,0.0
6,799,158.63459909228828,772.0
7,1468,223.8151004155335,0.0
5,1499,208.36212536193779,167.0
6,1240,144.0251619065409,0.0
8,866,224.13452625608596,902.0
5,1096,130.16546571995406,0.0
7,791,212.57122214713675,857.0
6,660,183.36467480512343,688.0
7,728,168.89225955404441,728.0
5,1484,137.31092330429072,0.0
6,1682,213.21716123554413,0.0
6,808,161.72662926244863,785.0
5,1008,126.19922466760396,0.0
6,855,179.01632466188875,586.0
8,1710,312.6468013571425,0.0
7,948,186.69435502694506,888.0
6,725,190.67303511508584,754.0
7,723,154.14504775865495,0.0
7,654,174.30766925818466,0.0
8,1520,246.25920824758276,0.0
5,980,133.39117253532712,0.0
8,1085,278.6650225730174,850.0
8,1453,277.75090870105964,1357.0
8,1470,261.18166574168816,0.0
5,1105,192.32548779110041,1169.0
6,1261,176.6654037991815,0.0
5,1486,192.32548779110041,0.0
5,773,108.5561979138691,0.0
6,1319,186.36197073784422,0.0
7,866,213.8626751473728,913.0
4,950,0.0,0.0
6,848,172.28123091575233,0.0
6,780,92.59384295865922,596.0
6,729,179.01632466188875,729.0
4,440,0.0,0.0
6,729,179.01632466188875,729.0
5,864,179.01632466188875,0.0
7,832,174.64491059239214,833.0
5,1390,234.62122617554954,0.0
4,864,223.49557540139048,0.0
6,528,202.829821676769,761.0
6,1606,236.20114945797192,0.0
6,612,208.0375864841774,612.0
5,928,126.19922466760396,0.0
4,0,0.0,720.0
7,728,213.8626751473728,809.0
6,708,285.65177863144186,708.0
8,1058,273.47632733958284,846.0
5,936,133.39117253532712,0.0
6,716,183.03098718470412,840.0
4,864,165.48845934516194,0.0
7,1654,322.7117938445638,0.0
5,816,223.49557540139048,0.0
8,1252,309.6731283613487,1097.0
4,1067,177.67376810998468,0.0
6,0,211.60151226267544,584.0
7,1374,172.28123091575233,0.0
7,1195,194.3043697037363,644.0
