2ndFlrSF,BsmtFinType1,BsmtFinSF1,BsmtUnfSF,GarageArea,TotalBsmtSF,YearBuilt
854.0,GLQ,706,150,548,856,2003
0.0,ALQ,978,284,460,1262,1976
866.0,GLQ,486,434,608,920,2001
,ALQ,216,540,642,756,1915
,GLQ,655,490,836,1145,2000
566.0,GLQ,732,64,480,796,1993
0.0,GLQ,1369,317,636,1686,2004
983.0,ALQ,859,216,484,1107,1973
752.0,Unf,0,952,468,952,1931
0.0,GLQ,851,140,205,991,1939
0.0,Rec,906,134,384,1040,1965
1142.0,,998,177,736,1175,2005
0.0,ALQ,737,175,352,912,1962
0.0,Unf,0,1494,840,1494,2006
0.0,BLQ,733,520,352,1253,1960
0.0,Unf,0,832,576,832,1929
0.0,ALQ,578,426,480,1004,1970
0.0,None,0,0,516,0,1967
,GLQ,646,468,576,1114,2004
0.0,LwQ,504,525,294,1029,1958
1218.0,Unf,0,1158,853,1158,2005
0.0,Unf,0,637,280,637,1930
0.0,,0,1777,534,1777,2002
0.0,GLQ,840,200,572,1040,1976
0.0,Rec,188,204,270,1060,1968
0.0,Unf,0,1566,890,1566,2007
0.0,,234,180,576,900,1951
,GLQ,1218,486,772,1704,2007
0.0,BLQ,1277,207,319,1484,1957
0.0,Unf,0,520,240,520,1927
668.0,Unf,0,649,250,649,1920
0.0,Unf,0,1228,271,1228,1966
0.0,Unf,0,1234,484,1234,2007
0.0,Rec,1018,380,447,1398,1959
0.0,GLQ,1153,408,556,1561,2005
1320.0,Unf,0,1117,691,1117,2004
0.0,Unf,0,1097,672,1097,1994
0.0,Rec,1213,84,498,1297,1954
0.0,GLQ,731,326,246,1057,1953
0.0,None,0,0,0,0,1955
0.0,Rec,643,445,440,1088,1965
,BLQ,967,383,308,1350,1959
0.0,ALQ,747,0,504,840,1983
0.0,LwQ,280,167,308,938,1975
0.0,ALQ,179,465,300,1150,1959
0.0,GLQ,456,1296,576,1752,2005
631.0,GLQ,1351,83,670,1434,2003
0.0,GLQ,24,1632,826,1656,2006
716.0,Unf,0,736,0,736,1920
0.0,BLQ,763,192,386,955,1966
676.0,GLQ,182,612,388,794,1997
0.0,Unf,0,816,528,816,1934
0.0,LwQ,104,0,516,816,1963
0.0,GLQ,1810,32,894,1842,1981
0.0,ALQ,384,0,572,384,1955
0.0,,490,935,576,1425,1964
756.0,GLQ,649,321,480,970,1999
,Unf,0,860,565,860,2004
1519.0,Unf,0,1410,641,1410,2006
0.0,ALQ,632,148,352,780,1972
0.0,ALQ,941,217,576,1158,2004
530.0,Unf,0,530,288,530,1920
0.0,GLQ,24,1346,484,1370,2006
808.0,Unf,0,576,480,576,1921
977.0,GLQ,739,318,645,1057,1997
1330.0,Unf,0,1143,852,1143,2004
0.0,GLQ,912,1035,576,1947,1970
0.0,GLQ,1013,440,558,1453,2003
0.0,Unf,0,747,220,747,1945
983.0,BLQ,603,701,667,1304,1953
0.0,ALQ,1880,343,516,2223,1973
0.0,ALQ,565,280,360,845,1982
833.0,Unf,0,832,427,832,1998
0.0,ALQ,320,404,490,1086,1954
765.0,Unf,0,840,379,840,1915
462.0,GLQ,462,0,297,462,1973
0.0,ALQ,228,724,283,952,1956
213.0,BLQ,336,295,240,672,1948
0.0,Unf,0,1768,0,1768,1968
548.0,Unf,0,440,440,440,1910
960.0,Rec,448,448,509,896,1968
0.0,GLQ,1201,36,405,1237,1998
0.0,GLQ,33,1530,758,1563,2007
0.0,Unf,0,1065,461,1065,1960
670.0,Unf,0,384,400,384,1995
1116.0,Unf,0,1288,462,1288,1991
876.0,Unf,0,684,400,684,2005
612.0,Unf,0,612,528,612,2009
0.0,Unf,0,1013,0,1013,1915
0.0,,588,402,0,990,1994
0.0,,0,0,420,0,1950
0.0,Rec,600,635,480,1235,1961
0.0,ALQ,713,163,432,876,1921
1031.0,Rec,1046,168,506,1214,1910
881.0,GLQ,648,176,684,824,1997
790.0,,310,370,420,680,1993
,ALQ,1162,426,472,1588,1999
0.0,Rec,520,440,432,960,1965
0.0,ALQ,108,350,366,458,1920
0.0,ALQ,569,381,0,950,1959
0.0,ALQ,1200,410,480,1610,1977
755.0,,0,741,476,741,1985
0.0,None,0,0,410,0,1979
0.0,Unf,0,1226,740,1226,2009
592.0,LwQ,224,816,240,1040,1931
,Unf,0,1053,648,1053,2003
0.0,Unf,0,641,273,641,1885
0.0,ALQ,104,516,250,789,1948
,Unf,0,793,0,793,1919
0.0,BLQ,705,1139,546,1844,1977
639.0,Rec,444,550,325,994,1954
656.0,GLQ,250,134,400,384,2000
1414.0,GLQ,984,280,792,1264,2007
0.0,,35,905,450,1809,1953
884.0,ALQ,774,104,180,1028,1945
729.0,GLQ,419,310,440,729,1999
0.0,LwQ,170,252,288,1092,1962
0.0,Unf,0,1125,430,1125,2006
1523.0,GLQ,1470,203,594,1673,1990
728.0,Unf,0,728,390,728,2005
0.0,ALQ,938,0,540,938,1969
351.0,Unf,0,732,264,732,1939
0.0,BLQ,570,510,288,1080,1958
0.0,GLQ,300,899,530,1199,1993
0.0,,0,1362,435,1362,1979
0.0,GLQ,490,30,0,520,1935
,ALQ,120,958,440,1078,1976
0.0,LwQ,116,556,0,672,1930
688.0,BLQ,512,148,453,660,1966
,Rec,567,413,750,1008,1958
941.0,Rec,445,479,487,924,1966
1032.0,GLQ,695,297,390,992,2000
0.0,Rec,405,658,624,1063,1959
0.0,GLQ,1005,262,471,1267,2001
0.0,Rec,570,891,440,1461,1968
0.0,Unf,0,1304,530,1304,1970
,BLQ,695,519,318,1214,1967
0.0,Unf,0,1907,766,1907,1988
848.0,GLQ,668,336,660,1004,1999
836.0,GLQ,821,107,470,928,1997
0.0,ALQ,432,432,0,864,1971
0.0,GLQ,1300,434,660,1734,2005
,Rec,507,403,720,910,1952
0.0,GLQ,679,811,577,1490,1999
0.0,Rec,1332,396,504,1728,1963
739.0,Unf,0,970,380,970,2004
0.0,BLQ,209,506,180,715,1931
1151.0,Unf,0,884,434,884,2001
0.0,GLQ,680,400,0,1080,2004
448.0,Unf,0,896,240,896,1936
0.0,BLQ,716,253,440,969,1975
0.0,,1400,310,866,1710,2007
896.0,Rec,416,409,495,825,1971
0.0,BLQ,429,93,564,1602,1960
0.0,Unf,0,1200,312,1200,1923
524.0,Unf,0,572,0,572,1924
0.0,None,0,0,625,0,1950
1194.0,,0,774,680,774,2009
956.0,GLQ,222,769,678,991,2004
1070.0,GLQ,57,1335,576,1392,2005
0.0,BLQ,660,572,516,1232,1984
1096.0,GLQ,1016,556,726,1572,2003
0.0,,1201,340,532,1541,2005
0.0,Unf,0,882,0,882,1956
467.0,LwQ,370,779,216,1149,1926
547.0,ALQ,351,112,0,644,1940
0.0,LwQ,379,470,303,1617,1955
551.0,GLQ,1288,294,789,1582,2007
880.0,Unf,0,840,440,840,2004
0.0,Unf,0,1686,511,1686,1981
0.0,Rec,360,360,660,720,1941
0.0,BLQ,639,441,528,1080,1960
703.0,GLQ,495,354,504,1064,1987
0.0,ALQ,288,700,504,1362,1961
0.0,ALQ,1398,0,616,1606,1986
0.0,ALQ,477,725,576,1202,1950
896.0,GLQ,831,320,521,1151,1988
668.0,ALQ,57,554,451,1052,1958
0.0,GLQ,1904,312,1166,2216,2008
0.0,Unf,0,968,480,968,1923
756.0,GLQ,436,320,440,756,2000
901.0,LwQ,352,441,216,793,1920
0.0,,0,0,252,0,1957
720.0,Unf,0,1362,484,1362,2003
316.0,Unf,0,504,576,504,1908
1518.0,Unf,0,1107,840,1107,1892
0.0,GLQ,611,577,497,1188,1990
704.0,Unf,0,660,180,660,1916
0.0,GLQ,1086,0,528,1086,1979
0.0,GLQ,1153,440,682,1593,2001
1178.0,Rec,297,556,440,853,1932
754.0,ALQ,626,99,484,725,1972
0.0,GLQ,560,871,666,1431,1999
739.0,Unf,0,970,380,970,2004
0.0,ALQ,390,474,352,864,1972
,ALQ,566,289,440,855,1976
0.0,,1126,600,786,1726,2007
1360.0,,1036,140,795,1360,1918
929.0,Unf,0,755,0,755,1912
0.0,GLQ,1088,625,856,1713,2004
0.0,Unf,0,1121,440,1121,2003
0.0,ALQ,641,276,473,1196,1977
445.0,LwQ,617,0,398,617,1924
0.0,GLQ,662,186,420,848,2004
564.0,LwQ,312,408,240,720,1947
0.0,Unf,0,1424,500,1424,1990
0.0,Unf,0,1140,349,1140,1962
0.0,ALQ,419,375,312,1100,1960
,GLQ,1065,92,454,1157,1988
0.0,Rec,787,305,504,1092,1964
0.0,Rec,468,396,0,864,1925
0.0,GLQ,36,1176,460,1212,2009
920.0,GLQ,822,78,644,900,2009
0.0,ALQ,716,274,576,990,1995
703.0,GLQ,378,311,299,689,1977
0.0,BLQ,360,710,447,1070,1957
0.0,GLQ,946,490,484,1436,2004
518.0,Unf,0,686,210,686,1925
817.0,BLQ,341,457,431,798,1939
0.0,GLQ,16,1232,438,1248,2005
0.0,Unf,0,1498,675,1498,2006
1257.0,Unf,0,1010,390,1010,2002
741.0,ALQ,550,163,434,713,1975
0.0,ALQ,524,160,576,864,1971
0.0,GLQ,56,2336,968,2392,2003
672.0,Unf,0,630,280,630,1971
1306.0,GLQ,565,638,721,1203,1995
504.0,Rec,321,162,280,483,1970
0.0,ALQ,842,70,336,912,1967
0.0,GLQ,16,1357,430,1373,2005
0.0,Unf,0,1194,312,1194,1959
1304.0,,689,773,810,1462,1995
504.0,Unf,0,483,288,483,1972
0.0,LwQ,182,0,308,894,1976
1100.0,GLQ,625,235,440,860,2002
,ALQ,358,125,264,483,1971
0.0,GLQ,24,1390,494,1414,2004
730.0,BLQ,402,594,457,996,1993
0.0,Unf,0,1694,818,1694,2007
,LwQ,94,641,220,735,1945
0.0,GLQ,1078,488,750,1566,2008
,ALQ,329,357,0,686,1945
551.0,Unf,0,540,352,540,1900
591.0,,0,626,288,626,1980
888.0,GLQ,695,253,463,948,1994
,GLQ,929,916,604,1845,1988
1020.0,Unf,0,1020,440,1020,1910
0.0,Unf,0,1367,451,1367,1954
828.0,,0,840,500,840,2003
700.0,Rec,697,747,389,1444,1958
0.0,Unf,0,728,0,728,1940
0.0,,1573,0,538,1573,2006
842.0,Unf,0,798,520,798,2004
0.0,LwQ,270,452,309,1302,1964
0.0,Rec,922,392,294,1314,1957
1286.0,Unf,0,975,429,975,1999
864.0,Rec,503,361,673,864,2003
0.0,GLQ,1334,270,660,1604,2006
829.0,GLQ,361,602,564,963,2001
0.0,None,0,0,308,0,1956
0.0,Rec,672,0,884,1362,1962
1092.0,Unf,0,1482,868,1482,2007
0.0,ALQ,506,0,492,506,1977
0.0,LwQ,234,0,484,926,1929
0.0,Unf,0,680,504,680,1925
0.0,,588,606,576,1422,1981
709.0,GLQ,714,88,413,802,1997
720.0,,378,342,240,720,1939
0.0,ALQ,403,212,924,740,1940
0.0,BLQ,751,392,504,1143,1976
844.0,Unf,0,1095,1053,1095,2006
0.0,LwQ,226,96,439,1385,1954
1106.0,GLQ,524,628,671,1152,1999
0.0,Rec,620,0,338,1240,1958
0.0,ALQ,546,270,264,816,1982
596.0,Unf,0,952,672,952,1925
0.0,Unf,0,1560,573,1560,2003
0.0,LwQ,120,744,400,864,1951
0.0,Unf,0,2121,732,2121,2006
866.0,BLQ,392,768,505,1160,1977
807.0,GLQ,421,386,575,807,1989
0.0,GLQ,905,357,572,1262,2006
0.0,GLQ,904,410,626,1314,2007
0.0,Unf,0,1468,898,1468,2008
0.0,GLQ,430,1145,529,1575,1992
625.0,Unf,0,625,528,625,2006
649.0,Rec,600,312,440,912,1962
,BLQ,614,244,0,858,1971
0.0,BLQ,450,432,280,882,1967
698.0,Unf,0,698,384,698,1915
840.0,Unf,0,1079,685,1079,2006
780.0,,210,570,0,780,1912
568.0,LwQ,292,476,281,768,1949
795.0,ALQ,795,0,539,795,1977
0.0,GLQ,1285,131,418,1416,1953
0.0,GLQ,819,184,588,1003,1984
648.0,BLQ,420,490,282,910,1950
975.0,,649,326,576,975,1997
702.0,ALQ,384,143,539,702,1968
0.0,Unf,0,1092,300,1092,1950
0.0,BLQ,841,324,375,1165,1953
1242.0,,281,747,683,1028,1998
0.0,Unf,0,1541,843,1541,2001
0.0,ALQ,894,0,552,894,1972
1818.0,Unf,0,1470,870,1470,1880
0.0,GLQ,1464,536,888,2000,2004
1121.0,ALQ,700,0,746,700,1990
371.0,Unf,0,319,0,319,1920
0.0,BLQ,262,599,539,861,1940
0.0,,1274,622,708,1896,2003
804.0,ALQ,518,179,420,697,1993
0.0,ALQ,680,292,240,972,1948
325.0,Rec,507,286,410,793,1939
0.0,ALQ,1236,80,513,2136,1965
809.0,LwQ,16,712,546,728,1925
716.0,,425,291,432,716,2004
,GLQ,692,153,484,845,1980
871.0,Unf,0,1088,1025,1088,2006
1274.0,GLQ,987,360,656,1347,1993
0.0,GLQ,1036,336,588,1372,1980
1347.0,Unf,0,1249,840,1249,2006
1332.0,GLQ,970,166,872,1136,2004
1177.0,LwQ,28,0,576,1502,1986
0.0,ALQ,256,906,220,1162,1955
1080.0,Unf,0,710,564,710,1967
0.0,BLQ,116,604,360,720,1941
0.0,GLQ,1619,100,473,1719,1993
0.0,Rec,565,818,292,1383,1960
689.0,Unf,0,844,441,844,1916
596.0,Unf,0,596,189,596,1920
,GLQ,40,1424,352,1728,1964
0.0,Rec,846,210,308,1056,1958
0.0,GLQ,1124,1603,880,3206,2003
0.0,GLQ,720,638,484,1358,2004
,GLQ,828,115,472,943,1998
167.0,,1249,103,529,1499,1965
0.0,GLQ,1249,673,676,1922,2005
0.0,GLQ,810,726,532,1536,2002
0.0,ALQ,213,995,440,1208,1984
0.0,Rec,585,630,297,1215,1958
915.0,Unf,0,967,431,967,2002
,Unf,0,721,294,721,1950
0.0,None,0,0,400,0,1949
0.0,GLQ,28,1656,564,1684,2005
576.0,Rec,129,175,336,536,1976
605.0,Unf,0,972,312,972,1939
0.0,BLQ,498,460,301,958,1960
0.0,BLQ,1270,208,498,1478,1960
862.0,GLQ,573,191,474,764,2003
880.0,GLQ,1410,438,706,1848,2005
0.0,Unf,0,1869,617,1869,2007
0.0,GLQ,1082,371,445,1453,1986
495.0,LwQ,236,0,200,616,1941
0.0,Unf,0,624,484,624,1928
403.0,LwQ,388,552,240,940,1940
0.0,ALQ,334,322,521,1200,1995
0.0,GLQ,560,598,400,1158,1992
0.0,ALQ,874,268,528,1142,1976
0.0,BLQ,300,468,288,1062,1958
838.0,GLQ,956,130,592,1086,1998
,GLQ,773,115,470,888,1978
517.0,Rec,399,484,240,883,1940
1427.0,,0,0,672,0,2003
504.0,ALQ,162,321,264,483,1972
784.0,GLQ,712,84,566,796,1976
672.0,Rec,456,216,468,672,1920
0.0,BLQ,609,785,514,1394,1963
0.0,GLQ,371,728,296,1099,1962
0.0,LwQ,540,728,244,1268,1954
0.0,ALQ,72,733,576,1063,1959
711.0,Unf,0,953,460,953,2000
468.0,None,0,0,680,0,1959
0.0,ALQ,623,0,264,744,1984
0.0,BLQ,428,0,270,608,1953
1081.0,,0,847,434,847,2003
0.0,BLQ,350,333,0,683,1922
0.0,GLQ,298,572,576,870,1996
886.0,Unf,0,1580,610,1580,2004
0.0,GLQ,1445,411,834,1856,2010
793.0,Unf,0,982,463,982,2000
665.0,LwQ,218,808,308,1026,1924
0.0,Unf,0,1293,572,1293,2006
858.0,Unf,0,939,639,939,2006
0.0,Unf,0,784,360,784,1928
874.0,GLQ,985,595,501,1580,1992
0.0,GLQ,24,1232,430,1256,2004
526.0,Unf,0,658,0,658,1910
0.0,ALQ,631,410,352,1041,1976
0.0,Unf,0,1468,577,1468,1999
590.0,GLQ,1280,402,846,1682,2007
406.0,Rec,241,229,384,861,1900
1157.0,ALQ,690,114,560,804,2001
0.0,None,0,0,294,0,1959
0.0,Rec,266,522,0,788,1941
299.0,,0,735,240,735,1940
,BLQ,739,405,596,1144,1956
0.0,Rec,777,117,600,894,1972
936.0,ALQ,540,324,264,864,1962
0.0,Unf,0,961,338,961,1920
438.0,GLQ,812,280,438,1092,2006
0.0,GLQ,786,474,500,1260,1996
0.0,GLQ,24,1286,400,1310,2005
0.0,Unf,0,672,240,672,1940
,Unf,0,1141,420,1141,1998
766.0,Unf,0,806,373,806,1995
0.0,BLQ,1116,165,490,1281,1976
0.0,Unf,0,1064,240,1064,1936
840.0,Unf,0,840,308,840,1915
1101.0,Unf,0,1063,947,1063,2006
1028.0,GLQ,789,245,836,1034,2007
0.0,Unf,0,1276,350,1276,1958
0.0,Rec,1056,0,572,1056,1955
0.0,GLQ,578,892,484,1470,2009
,Unf,0,1008,360,1008,1927
1017.0,BLQ,50,499,678,1080,1993
0.0,GLQ,24,1316,396,1340,2007
728.0,ALQ,209,463,440,672,1978
1254.0,BLQ,1128,242,864,1370,1918
378.0,ALQ,312,444,240,756,1940
0.0,BLQ,775,281,304,1056,1968
0.0,GLQ,1309,35,784,1344,1997
0.0,ALQ,1246,356,529,1602,1977
0.0,,0,988,520,988,1954
,GLQ,986,484,696,1470,1998
0.0,LwQ,616,580,297,1196,1956
682.0,Unf,0,651,240,651,1946
0.0,GLQ,1518,0,569,1518,1989
0.0,Rec,288,619,352,907,1957
,GLQ,664,544,628,1208,2007
0.0,GLQ,1005,387,576,1392,1988
504.0,ALQ,387,96,264,483,1971
110.0,,0,901,0,901,1920
600.0,ALQ,471,294,440,765,1971
678.0,Unf,0,926,470,926,1997
0.0,ALQ,495,135,0,630,1972
834.0,GLQ,385,70,550,799,1996
,Unf,0,648,440,648,1920
0.0,Unf,0,884,180,884,1926
0.0,LwQ,365,75,352,440,1913
512.0,Unf,0,684,528,684,1920
0.0,GLQ,1767,788,672,3094,2008
0.0,ALQ,133,1307,0,1440,1955
445.0,Unf,0,1078,360,1078,1930
0.0,Unf,0,1258,648,1258,2006
975.0,GLQ,642,273,493,915,1994
0.0,Unf,0,1436,480,1436,1956
0.0,,247,557,578,1517,1966
930.0,Unf,0,930,431,930,1998
596.0,Unf,0,780,198,780,1937
504.0,ALQ,331,318,308,649,1948
0.0,Unf,0,813,270,813,1930
0.0,ALQ,655,878,576,1533,1975
868.0,ALQ,742,130,422,872,1996
,Unf,0,768,676,768,2008
0.0,ALQ,1606,122,560,1728,1976
0.0,ALQ,916,326,528,1242,1973
720.0,Unf,0,624,513,624,1916
0.0,BLQ,1116,248,529,1364,1954
833.0,Unf,0,588,228,588,1925
224.0,LwQ,185,524,352,709,1950
1103.0,GLQ,544,288,552,832,2009
560.0,ALQ,350,0,576,560,1936
0.0,Rec,553,0,360,864,1965
811.0,LwQ,326,389,240,715,1934
0.0,Rec,616,424,0,1040,1978
0.0,Unf,0,1375,398,1375,2004
0.0,GLQ,778,499,526,1277,1970
,LwQ,386,342,312,728,1942
0.0,Unf,0,1626,866,1626,2006
878.0,GLQ,426,406,506,832,1993
0.0,GLQ,368,0,528,1488,1985
808.0,Unf,0,808,534,808,1977
0.0,,459,88,525,547,2005
0.0,,1350,626,908,1976,2006
0.0,GLQ,1196,298,499,1494,2000
0.0,GLQ,630,340,624,970,1963
0.0,GLQ,994,484,508,1478,1997
574.0,Unf,0,2153,694,2153,2006
0.0,GLQ,1288,417,826,1705,2007
0.0,Rec,168,739,672,907,1937
0.0,GLQ,1261,572,772,1833,2004
0.0,GLQ,1567,225,874,1792,2003
,ALQ,299,611,164,910,1915
,GLQ,897,319,402,1216,1998
0.0,ALQ,588,411,264,999,1962
0.0,ALQ,607,506,264,1113,1950
0.0,ALQ,836,237,515,1073,1965
0.0,ALQ,998,486,487,1484,1971
648.0,BLQ,664,290,520,954,1900
0.0,GLQ,515,115,286,630,1970
688.0,Unf,0,264,336,264,1976
620.0,BLQ,403,238,240,806,1941
728.0,Unf,0,728,429,728,2006
0.0,BLQ,374,363,308,1269,1960
0.0,Unf,0,190,273,190,1938
0.0,Rec,495,225,0,720,1920
0.0,GLQ,1231,1969,546,3200,1992
687.0,Rec,329,697,240,1026,1925
0.0,ALQ,450,414,288,864,1967
0.0,BLQ,111,522,297,912,1958
546.0,BLQ,356,316,264,672,1973
902.0,GLQ,400,466,603,866,2005
0.0,ALQ,698,420,461,1214,1965
0.0,ALQ,1247,254,484,1501,1959
,ALQ,257,103,440,855,1974
1000.0,Unf,0,960,400,960,1952
846.0,,380,397,471,777,1993
0.0,GLQ,27,1191,676,1218,2009
689.0,Rec,141,548,360,689,1928
0.0,ALQ,991,50,270,1041,1959
0.0,BLQ,650,178,288,1008,1951
0.0,Unf,0,1368,474,1368,2005
0.0,BLQ,521,169,624,864,1958
,ALQ,336,748,484,1084,1983
0.0,Unf,0,768,200,768,1926
0.0,GLQ,1436,570,900,2006,2009
741.0,Unf,0,689,583,689,1972
1067.0,Unf,0,1264,889,1264,1996
914.0,GLQ,706,88,546,794,1998
804.0,Unf,0,1276,282,1276,1926
600.0,None,0,0,0,0,1900
0.0,Rec,777,467,336,1244,1957
,ALQ,399,605,420,1004,1947
1538.0,GLQ,2260,878,884,3138,2007
1015.0,,719,660,834,1379,1996
0.0,Unf,0,1257,453,1257,2005
0.0,Rec,377,551,252,928,1956
1237.0,GLQ,1330,122,858,1452,2008
0.0,,348,180,0,528,1920
0.0,Rec,1219,816,484,2035,1957
0.0,GLQ,783,678,600,1461,1988
611.0,Unf,0,611,502,611,1920
0.0,None,0,0,392,0,1955
0.0,None,0,0,0,0,1946
707.0,Unf,0,707,403,707,2004
527.0,GLQ,969,148,0,1117,1910
844.0,Unf,0,880,527,880,1998
0.0,BLQ,600,264,576,864,1972
0.0,BLQ,673,378,336,1051,1968
0.0,GLQ,1358,223,670,1581,2001
0.0,GLQ,1260,578,765,1838,2006
1288.0,Unf,0,969,648,969,2000
0.0,LwQ,144,379,583,1650,1998
0.0,GLQ,584,0,367,723,1998
,GLQ,554,100,426,654,2006
806.0,GLQ,1002,0,786,1204,1988
720.0,Rec,300,765,440,1065,1923
0.0,ALQ,619,149,624,768,1970
0.0,LwQ,180,0,720,825,1955
1182.0,Unf,0,912,615,912,2003
0.0,ALQ,559,510,440,1069,1977
0.0,Rec,308,620,288,928,1957
0.0,Unf,0,1709,908,1709,2006
0.0,None,0,0,520,0,1949
1040.0,GLQ,866,132,871,998,2003
,Unf,0,993,280,993,1922
0.0,Rec,895,197,299,1092,1957
439.0,Rec,637,0,570,637,1920
717.0,GLQ,604,125,406,729,1996
0.0,Unf,0,1374,420,1374,2003
0.0,,1302,90,528,1392,1957
0.0,ALQ,1071,195,418,1389,1974
0.0,BLQ,290,706,0,996,1940
511.0,Unf,0,1163,396,1163,1918
1129.0,GLQ,728,367,590,1095,1992
806.0,Unf,0,806,216,806,1915
1370.0,Unf,0,1122,656,1122,2005
0.0,GLQ,2,1515,532,1517,2004
636.0,GLQ,1441,55,612,1496,1983
0.0,GLQ,943,0,600,943,1979
0.0,LwQ,231,1497,576,1728,1965
,,414,450,288,864,1959
846.0,Unf,0,846,650,846,2009
656.0,,0,384,400,384,2000
533.0,ALQ,349,23,288,372,1971
384.0,Rec,442,390,336,832,1947
600.0,Unf,0,861,216,861,1928
0.0,LwQ,328,285,564,1164,1966
689.0,Unf,0,689,540,689,2007
745.0,Unf,0,1050,352,1050,1954
0.0,BLQ,594,331,572,1144,1960
0.0,,0,2042,1390,2042,2008
0.0,GLQ,816,0,0,816,1990
,Unf,0,1237,880,1237,1893
584.0,,0,884,240,884,1935
0.0,GLQ,1460,408,880,1868,2005
0.0,Rec,210,0,275,816,1918
0.0,ALQ,672,168,528,840,1982
0.0,GLQ,1324,113,452,1437,1968
0.0,Unf,0,742,308,742,1930
812.0,GLQ,490,280,520,770,2004
568.0,GLQ,1338,384,842,1722,2008
0.0,,816,0,816,816,1982
0.0,GLQ,685,163,420,848,2003
0.0,Unf,0,924,280,924,1975
0.0,GLQ,1422,392,758,1814,2005
684.0,Unf,0,684,216,684,1910
0.0,Unf,0,1258,648,1258,2006
0.0,ALQ,1283,0,621,1430,1977
840.0,,81,23,452,716,1980
846.0,GLQ,546,512,736,1058,2005
595.0,,0,780,544,780,1937
988.0,GLQ,789,119,506,908,1992
600.0,Unf,0,600,480,600,2004
0.0,GLQ,922,572,530,1494,2002
800.0,BLQ,454,314,486,768,1965
0.0,GLQ,732,308,576,1040,1996
896.0,GLQ,603,293,230,896,1948
1254.0,BLQ,428,537,380,965,1934
0.0,Rec,903,126,261,1029,1961
677.0,GLQ,904,536,736,1440,2000
0.0,ALQ,605,427,564,1032,1978
573.0,GLQ,990,309,531,1299,2001
0.0,ALQ,206,914,0,1120,2007
0.0,LwQ,150,0,0,630,1972
0.0,GLQ,763,173,480,936,1963
702.0,GLQ,457,326,393,783,2002
0.0,Unf,0,832,528,832,1954
0.0,,48,1774,774,1822,2007
780.0,GLQ,871,611,749,1482,2003
,BLQ,41,823,0,864,1914
1066.0,ALQ,956,384,624,1522,1974
0.0,BLQ,560,420,484,980,1977
756.0,GLQ,420,336,440,756,2000
778.0,Rec,247,485,484,732,1972
0.0,Unf,0,1116,440,1116,1962
0.0,Unf,0,978,286,978,1960
0.0,BLQ,674,350,364,1156,1955
1040.0,Rec,650,390,504,1040,1969
0.0,GLQ,624,288,520,1248,1964
661.0,Unf,0,636,240,636,1880
0.0,GLQ,24,1530,627,1554,2006
0.0,ALQ,822,564,544,1386,1977
0.0,BLQ,480,108,260,1056,1954
0.0,GLQ,1056,0,576,1056,1980
1440.0,LwQ,256,1184,0,1440,1914
0.0,Unf,0,264,0,264,1936
576.0,Unf,0,811,256,811,1954
0.0,Unf,0,796,0,796,1910
0.0,GLQ,1154,366,648,1520,2006
,GLQ,1218,300,588,1518,2003
872.0,,738,319,650,1057,2001
704.0,,1410,542,538,1952,1972
840.0,Rec,493,0,462,780,1969
0.0,GLQ,1121,645,478,1766,2009
0.0,ALQ,282,664,576,981,1971
0.0,None,0,0,420,0,1950
0.0,Rec,500,594,495,1094,1953
788.0,Unf,0,756,442,756,1966
0.0,BLQ,131,0,0,630,1970
843.0,Unf,0,813,562,813,2007
755.0,Unf,0,755,296,755,1940
807.0,Unf,0,880,512,880,1996
713.0,,0,756,216,756,1906
0.0,GLQ,1696,413,839,2109,1995
,Unf,0,525,264,525,1971
0.0,ALQ,806,247,312,1053,1959
651.0,Unf,0,776,270,776,1931
546.0,Unf,0,912,330,912,1948
0.0,BLQ,637,849,480,1486,1964
793.0,Unf,0,793,550,793,1976
762.0,GLQ,1361,88,711,1629,1994
0.0,Unf,0,1392,576,1392,1968
0.0,BLQ,920,38,588,1138,1972
0.0,,1721,356,1134,2077,2005
482.0,Unf,0,1406,504,1406,2000
915.0,LwQ,187,111,596,1021,1965
0.0,GLQ,1138,270,575,1408,1994
0.0,Rec,988,200,576,1188,1956
0.0,Unf,0,700,252,700,1922
,GLQ,193,545,540,738,2005
672.0,BLQ,551,121,300,672,1925
,ALQ,767,441,546,1208,1977
,GLQ,1186,291,416,1477,1957
0.0,Rec,892,244,384,1136,1965
586.0,ALQ,311,544,440,855,1978
679.0,Unf,0,1095,779,1095,1900
0.0,Unf,0,768,240,768,1924
0.0,Unf,0,2046,834,2046,2008
0.0,Rec,827,161,572,988,1961
,BLQ,543,261,264,923,1980
672.0,Rec,182,611,281,793,1932
0.0,GLQ,1003,288,431,1291,1996
0.0,GLQ,1059,567,702,1626,2002
644.0,Unf,0,1195,486,1195,1998
900.0,GLQ,828,180,577,1190,1984
887.0,Unf,0,874,578,874,2007
551.0,GLQ,239,312,480,551,2004
0.0,,945,474,567,1419,2007
0.0,ALQ,20,1342,460,1362,2005
0.0,GLQ,697,151,420,848,2004
1872.0,GLQ,1455,989,832,2444,1994
1281.0,GLQ,965,245,628,1210,1989
0.0,Unf,0,1073,326,1073,1921
472.0,Unf,0,927,576,927,1936
,GLQ,980,92,551,1112,1987
0.0,LwQ,616,0,205,616,1921
0.0,LwQ,210,219,308,980,1952
0.0,GLQ,553,224,336,894,1965
0.0,,16,1375,530,1391,2004
0.0,GLQ,1274,526,765,1800,2002
0.0,Unf,0,1164,528,1164,1969
1312.0,Unf,0,1234,666,1234,2006
,Unf,0,360,672,360,1900
0.0,GLQ,712,761,606,1473,2004
720.0,None,0,0,0,0,1930
0.0,GLQ,1219,424,739,1643,1971
,GLQ,863,461,550,1324,2006
728.0,Unf,0,728,400,728,2007
0.0,Unf,0,876,408,876,1966
0.0,Unf,0,270,0,270,1935
319.0,Unf,0,859,384,859,1900
0.0,GLQ,767,461,472,1228,1988
0.0,ALQ,789,171,576,960,1970
754.0,GLQ,533,192,475,725,1976
0.0,Unf,0,1064,478,1064,1974
978.0,,0,718,704,718,1890
0.0,BLQ,1084,92,439,1176,1973
1093.0,GLQ,1173,138,983,1311,1993
0.0,,523,448,300,971,1969
0.0,GLQ,1148,594,564,1742,1985
0.0,GLQ,662,186,420,848,2004
0.0,ALQ,191,673,463,864,1970
,Unf,0,941,548,941,1954
0.0,GLQ,1234,464,768,1698,2007
0.0,,375,250,660,864,1970
0.0,GLQ,808,72,540,880,1988
,GLQ,724,508,632,1232,2007
,Unf,0,1584,888,1584,1958
0.0,BLQ,152,628,539,780,1925
0.0,GLQ,1180,415,608,1595,1995
0.0,GLQ,786,82,438,868,2003
878.0,ALQ,252,901,541,1153,1998
0.0,BLQ,594,270,264,864,1961
0.0,Unf,0,948,300,948,1968
888.0,,390,490,320,880,1914
0.0,,0,0,400,0,1950
900.0,Unf,0,893,800,893,2005
0.0,GLQ,1200,0,0,1200,1987
864.0,Unf,0,864,572,864,2004
664.0,Unf,0,264,360,264,1910
0.0,GLQ,832,80,288,912,1961
0.0,,0,1349,539,1349,2000
0.0,ALQ,444,76,480,520,1963
0.0,GLQ,733,604,462,1337,1993
1540.0,GLQ,575,487,831,1142,1976
1276.0,GLQ,300,652,554,952,2000
1320.0,Unf,0,1240,864,1240,1880
,GLQ,919,801,527,1720,1996
441.0,None,0,0,240,0,1945
348.0,Unf,0,576,0,576,1910
660.0,Unf,0,660,400,660,2003
0.0,GLQ,1200,279,576,1479,1997
1060.0,Unf,0,1030,878,1030,2005
,GLQ,439,115,440,1026,1969
729.0,GLQ,381,348,440,729,1999
902.0,GLQ,20,846,578,866,2007
714.0,Rec,438,234,440,672,1978
,ALQ,549,195,440,744,1999
1203.0,LwQ,56,1198,752,1318,1995
0.0,Rec,612,252,300,864,1959
0.0,LwQ,405,740,440,1145,1924
783.0,GLQ,24,732,614,756,2009
1097.0,GLQ,1163,89,856,1252,1999
0.0,LwQ,437,0,481,1494,1995
0.0,Unf,0,1498,592,1498,2008
734.0,,394,586,496,980,1988
767.0,ALQ,660,323,423,983,1940
0.0,GLQ,24,1836,484,1860,2004
1589.0,ALQ,1416,234,841,1650,2003
0.0,GLQ,685,173,576,858,1982
0.0,LwQ,836,0,396,836,1951
0.0,ALQ,422,480,672,1029,1976
0.0,Rec,456,456,275,912,1958
0.0,Unf,0,1935,895,1935,2006
0.0,GLQ,866,338,412,1204,1998
0.0,GLQ,20,1594,865,1614,2005
0.0,ALQ,762,102,440,864,1974
0.0,None,0,0,630,0,1977
0.0,GLQ,975,0,504,975,1977
0.0,Unf,0,1237,402,1237,1995
,ALQ,387,374,484,761,1992
0.0,Unf,0,1413,605,1413,2001
0.0,GLQ,1097,0,602,1097,1978
742.0,Unf,0,742,0,742,1914
0.0,Rec,251,491,457,1372,1967
686.0,LwQ,686,0,416,686,1915
1128.0,GLQ,656,300,618,956,2004
0.0,Unf,0,901,281,901,1954
1111.0,LwQ,568,264,444,832,1966
0.0,GLQ,16,1129,397,1145,2005
0.0,ALQ,539,490,539,1029,1976
886.0,,862,255,455,1117,1996
0.0,Unf,0,1496,474,1496,2007
809.0,Unf,0,712,409,712,1994
676.0,Unf,0,650,476,650,1980
0.0,Unf,0,660,528,660,1977
0.0,,570,203,240,773,1953
1174.0,Unf,0,1926,820,1926,2008
787.0,ALQ,569,162,240,731,1937
1072.0,GLQ,462,154,603,616,1997
0.0,LwQ,197,999,440,1196,1916
728.0,GLQ,648,80,410,728,2005
1088.0,Unf,0,1734,1020,1734,2008
0.0,LwQ,812,124,286,936,1954
0.0,,0,1417,554,1417,2008
,,400,100,384,980,1967
504.0,GLQ,1309,15,528,1324,1923
0.0,ALQ,516,380,484,1024,1966
1063.0,Unf,0,849,360,849,1898
0.0,ALQ,663,0,484,1040,1974
0.0,GLQ,662,186,420,848,2004
0.0,Unf,0,540,504,540,1952
0.0,Rec,608,834,301,1442,1958
564.0,Unf,0,686,280,686,1918
0.0,Unf,0,1649,598,1649,1998
0.0,BLQ,486,522,275,1008,1954
0.0,GLQ,1218,350,857,1568,2002
0.0,,504,506,440,1010,1971
,,733,625,484,1358,2009
,Unf,0,798,595,798,2003
0.0,Unf,0,936,576,936,1953
886.0,Unf,0,847,433,847,2003
545.0,Unf,0,778,240,778,1940
0.0,Unf,0,1489,776,1489,2006
,GLQ,1636,442,1220,2078,2007
0.0,ALQ,784,0,0,784,1924
0.0,GLQ,20,1434,527,1454,2001
966.0,LwQ,249,0,538,1013,1967
623.0,Unf,0,600,480,600,2005
0.0,Rec,1040,352,458,1392,1957
600.0,Unf,0,600,480,600,2005
888.0,GLQ,483,458,613,941,2003
0.0,Rec,196,975,472,1516,1964
0.0,Rec,572,572,456,1144,1961
0.0,BLQ,442,625,436,1067,1950
0.0,Rec,338,1221,812,1559,1948
504.0,BLQ,330,153,264,483,1973
0.0,Unf,0,1099,352,1099,1995
432.0,BLQ,352,416,240,768,1946
672.0,BLQ,156,516,400,672,1925
581.0,Unf,0,650,686,650,1904
0.0,Rec,312,276,490,1127,1966
0.0,Unf,0,1800,0,1800,1961
540.0,Unf,0,876,720,876,1915
0.0,ALQ,1390,0,611,1390,1975
769.0,ALQ,513,227,425,740,1993
0.0,BLQ,460,404,338,864,1972
1051.0,Unf,0,907,360,907,1908
761.0,Unf,0,528,512,528,1976
0.0,GLQ,659,189,420,848,2003
0.0,Unf,0,1273,400,1273,2003
728.0,Rec,364,554,240,918,1941
0.0,,564,563,645,1127,1964
0.0,ALQ,306,372,454,1763,1955
0.0,ALQ,659,381,260,1040,1962
0.0,GLQ,505,0,576,940,1978
779.0,Unf,0,702,343,702,1994
0.0,Unf,0,1090,479,1090,1976
1142.0,BLQ,619,435,619,1054,1968
514.0,Unf,0,912,216,912,1918
0.0,BLQ,841,198,504,1039,1965
,GLQ,338,702,480,1040,1984
0.0,BLQ,1148,0,672,1148,1959
,Unf,0,1372,529,1372,2007
0.0,BLQ,828,174,902,1002,1970
0.0,,0,1638,870,1638,2006
0.0,ALQ,932,108,544,1040,1961
720.0,None,0,0,672,0,1948
887.0,GLQ,750,300,574,1050,1993
0.0,Unf,0,894,308,894,1962
878.0,GLQ,505,299,523,804,1998
0.0,Unf,0,105,414,105,1953
0.0,Rec,375,457,288,832,1949
455.0,Unf,0,676,200,676,1941
1426.0,GLQ,64,1120,550,1184,2007
0.0,ALQ,633,431,648,1064,1963
,GLQ,1170,292,738,1462,2004
0.0,ALQ,899,210,576,1109,1961
0.0,ALQ,646,218,336,864,1978
0.0,ALQ,980,110,450,1090,2005
530.0,LwQ,902,254,400,1156,1990
785.0,Unf,0,808,389,808,1992
795.0,Unf,0,795,440,795,1912
0.0,BLQ,432,460,288,892,1967
0.0,GLQ,1238,460,506,1698,1999
0.0,LwQ,528,1098,588,1626,1959
521.0,Unf,0,816,300,816,1955
0.0,ALQ,351,1043,621,2217,1970
0.0,,1024,481,505,1505,1953
252.0,,0,672,576,672,1949
765.0,LwQ,226,192,440,918,1978
0.0,GLQ,663,396,264,1059,1963
0.0,BLQ,1064,319,354,1383,1954
0.0,None,0,0,400,0,1979
813.0,BLQ,400,380,483,780,1963
0.0,ALQ,285,666,327,951,1936
1120.0,None,0,0,528,0,1979
0.0,GLQ,2188,142,820,2330,2009
0.0,BLQ,465,447,288,912,1961
0.0,ALQ,322,536,684,858,1971
0.0,BLQ,860,132,756,992,1957
702.0,Unf,0,783,393,783,2003
0.0,Unf,0,1670,690,1670,2006
0.0,GLQ,599,277,288,876,1967
0.0,Rec,354,412,280,1056,1954
0.0,GLQ,63,1560,865,1623,2006
1037.0,Rec,223,794,180,1017,1936
0.0,BLQ,301,239,484,864,1983
742.0,Unf,0,742,390,742,2005
1169.0,Rec,443,662,480,1105,1960
0.0,ALQ,196,1072,252,1268,1977
0.0,Rec,489,279,450,768,1925
1001.0,BLQ,284,717,871,1001,1949
612.0,GLQ,294,318,528,612,2009
546.0,Unf,0,546,286,546,1970
0.0,BLQ,50,430,308,480,1949
0.0,ALQ,1059,75,284,1134,1956
1215.0,BLQ,48,422,833,1104,1991
0.0,ALQ,528,245,601,1184,1958
785.0,GLQ,814,114,471,928,1994
928.0,ALQ,1084,188,0,1272,1900
0.0,GLQ,28,1288,397,1316,2005
0.0,LwQ,165,598,533,1604,1993
0.0,BLQ,625,0,612,1686,1980
0.0,ALQ,767,266,540,1126,1977
1140.0,Unf,0,1181,656,1181,2003
880.0,BLQ,552,280,486,832,1968
0.0,Unf,0,1753,522,1753,2001
1243.0,Unf,0,964,642,964,1997
,GLQ,16,1450,610,1466,2007
0.0,BLQ,338,121,429,925,1965
0.0,Unf,0,1905,788,1905,2006
0.0,GLQ,20,1480,570,1500,2004
0.0,GLQ,425,160,505,585,1960
0.0,Unf,0,600,528,600,1926
0.0,,833,343,555,1176,2003
858.0,GLQ,341,772,689,1113,2005
571.0,GLQ,464,927,868,1391,2006
1196.0,Unf,0,1032,349,1032,1940
0.0,Rec,936,396,574,1728,1976
1038.0,ALQ,772,220,390,992,1999
0.0,,1440,0,0,1440,1977
0.0,Unf,0,1632,576,1632,1967
0.0,GLQ,111,354,525,819,1958
561.0,LwQ,1088,0,456,1088,1890
0.0,,748,102,796,1144,1959
0.0,GLQ,1300,316,808,1616,2002
840.0,Unf,0,936,474,936,2002
0.0,ALQ,982,179,676,1161,1972
0.0,ALQ,398,317,720,864,1950
0.0,BLQ,641,187,300,828,1965
0.0,,660,108,396,768,1972
800.0,,562,29,530,784,1969
0.0,,945,0,0,945,1975
979.0,Rec,484,495,492,979,1946
668.0,ALQ,285,276,462,561,1980
0.0,Rec,417,640,576,1057,1962
0.0,GLQ,699,638,531,1337,2003
720.0,ALQ,604,92,484,696,1999
0.0,BLQ,696,162,0,858,1958
1330.0,ALQ,896,434,619,1330,1977
744.0,,556,248,440,804,1976
0.0,Unf,0,1800,702,1800,2007
1070.0,GLQ,624,193,510,817,2002
701.0,,0,783,393,783,2005
332.0,Rec,428,300,256,728,1940
0.0,ALQ,902,196,260,1098,1955
,Unf,0,600,0,600,1910
0.0,ALQ,513,75,264,588,1958
472.0,Unf,0,720,0,720,1949
862.0,GLQ,567,197,474,764,2003
0.0,Unf,0,918,264,918,1979
0.0,Unf,0,1428,480,1428,2007
883.0,Unf,0,728,532,728,1910
709.0,GLQ,641,32,490,673,2000
0.0,Unf,0,440,0,440,1923
0.0,GLQ,1106,135,569,1241,2006
0.0,,552,342,400,894,1954
0.0,Rec,651,470,480,1121,1963
0.0,ALQ,867,77,588,944,1961
1336.0,GLQ,854,371,676,1225,1998
0.0,Unf,0,1266,388,1266,2007
1141.0,Unf,0,1128,779,1128,2002
432.0,None,0,0,539,0,1977
0.0,ALQ,1040,124,240,1164,1950
634.0,Unf,0,485,255,485,1910
0.0,GLQ,1646,284,606,1930,2009
912.0,LwQ,156,692,551,848,1976
798.0,Unf,0,770,614,770,2006
985.0,GLQ,1074,322,870,1396,1997
826.0,BLQ,216,700,424,916,1882
831.0,BLQ,536,169,440,822,1964
750.0,Unf,0,750,564,750,2005
,GLQ,1172,528,786,1700,2006
456.0,ALQ,384,363,305,747,1946
0.0,Rec,915,135,368,1050,1961
0.0,Unf,0,1442,615,1442,1970
0.0,Unf,0,1007,210,1007,1922
0.0,GLQ,686,501,632,1187,2006
0.0,None,0,0,528,0,1952
0.0,Unf,0,691,216,691,1920
0.0,GLQ,24,1550,824,1574,2006
0.0,Unf,0,1680,528,1680,1976
0.0,GLQ,16,1330,457,1346,2005
0.0,GLQ,595,390,328,985,1977
0.0,LwQ,1237,420,484,1657,1970
,BLQ,273,0,286,546,1970
0.0,Unf,0,1710,550,1710,2004
0.0,Unf,0,1008,0,1008,1926
551.0,Unf,0,720,312,720,1948
0.0,None,0,0,0,0,1965
602.0,Unf,0,602,180,602,1923
0.0,,247,310,280,1022,1910
0.0,BLQ,336,746,240,1082,1948
855.0,GLQ,643,167,528,810,2001
0.0,GLQ,690,814,478,1504,1996
0.0,GLQ,1036,184,565,1220,1984
670.0,Unf,0,384,402,384,1991
0.0,GLQ,16,1346,440,1362,2005
0.0,GLQ,1024,108,451,1132,2005
0.0,GLQ,684,515,632,1199,2006
336.0,LwQ,324,588,160,912,1930
0.0,GLQ,16,1330,437,1346,2005
0.0,ALQ,1165,0,665,1565,1976
0.0,LwQ,138,276,461,882,1972
0.0,Rec,697,571,461,1268,1960
0.0,GLQ,1513,125,800,1638,2007
408.0,Rec,368,359,240,768,1941
546.0,BLQ,317,355,264,672,1972
980.0,Unf,0,686,0,686,1916
998.0,GLQ,523,301,672,824,1920
1168.0,GLQ,1012,326,796,1338,1993
0.0,GLQ,986,668,900,1654,2002
0.0,Unf,0,920,240,920,1938
0.0,None,0,0,290,0,1957
0.0,GLQ,1022,598,912,1620,2007
1208.0,Unf,0,1055,905,1055,2001
546.0,Unf,0,546,0,546,1970
,GLQ,509,121,286,630,1970
0.0,Rec,168,284,484,1134,1957
832.0,GLQ,400,336,484,800,1966
0.0,ALQ,900,406,624,1306,2005
797.0,GLQ,1085,390,514,1475,1990
0.0,ALQ,1104,1420,542,2524,1981
0.0,None,0,0,452,0,1955
876.0,GLQ,240,1752,716,1992,2005
0.0,GLQ,686,304,672,990,1994
0.0,None,0,0,336,0,1960
0.0,,0,0,308,0,1946
0.0,Unf,0,1302,436,1302,2007
0.0,,0,1316,440,1316,2007
850.0,Rec,442,374,540,816,1964
0.0,Rec,383,833,364,1216,1957
898.0,GLQ,932,133,586,1065,2002
0.0,ALQ,644,549,478,1193,1976
0.0,GLQ,659,705,484,1364,2005
871.0,GLQ,595,378,467,973,1994
1054.0,GLQ,936,168,836,1104,2008
895.0,Rec,297,0,432,854,1932
0.0,GLQ,616,722,582,1338,2001
0.0,Unf,0,894,1248,894,1935
915.0,Unf,0,662,560,662,1900
0.0,BLQ,397,706,440,1103,1925
0.0,BLQ,740,184,480,1154,1966
954.0,GLQ,1201,105,533,1306,1996
772.0,Unf,0,799,380,799,1993
813.0,GLQ,674,0,442,780,1964
1230.0,ALQ,837,105,576,942,1973
0.0,ALQ,220,625,576,845,1949
0.0,BLQ,586,462,286,1048,1956
727.0,Rec,298,429,441,727,1968
454.0,Unf,0,810,280,810,1948
728.0,BLQ,535,155,440,690,1977
0.0,Unf,0,1240,826,1240,2006
780.0,BLQ,410,390,240,800,1940
370.0,ALQ,626,170,566,796,1936
0.0,BLQ,75,230,299,1096,1969
0.0,GLQ,662,186,420,848,2004
0.0,GLQ,495,495,299,990,1994
0.0,ALQ,656,602,528,1258,1971
0.0,ALQ,824,216,308,1040,1963
0.0,,0,1459,527,1459,2002
0.0,,553,698,461,1251,1964
807.0,ALQ,592,99,409,691,1995
0.0,GLQ,747,189,564,936,1992
546.0,BLQ,334,212,286,546,1973
871.0,Unf,0,1082,1043,1082,2005
739.0,Unf,0,970,380,970,2004
0.0,GLQ,1039,208,550,1247,2005
0.0,None,0,0,400,0,1950
628.0,BLQ,510,90,462,600,1999
304.0,Rec,423,758,576,1181,1925
0.0,GLQ,661,203,884,864,1965
0.0,BLQ,248,448,308,936,1956
0.0,GLQ,24,1290,440,1314,2006
582.0,Unf,0,684,0,684,1914
0.0,Unf,0,1074,461,1074,1986
567.0,BLQ,672,0,240,672,1936
,ALQ,704,567,478,1271,1978
0.0,Rec,290,0,246,290,1920
0.0,BLQ,412,251,280,950,1971
0.0,,588,422,254,1010,1960
0.0,ALQ,655,0,539,655,1959
672.0,Unf,0,630,440,630,1970
,GLQ,1032,431,712,1463,1994
0.0,GLQ,738,172,719,910,1990
1134.0,Unf,0,868,422,868,2006
742.0,Unf,0,924,463,924,2000
0.0,GLQ,1039,797,862,1836,2004
885.0,GLQ,219,554,431,773,1995
866.0,,403,400,483,803,1976
0.0,GLQ,708,108,308,816,1957
0.0,BLQ,643,365,240,1008,1953
0.0,Rec,415,418,326,833,1954
0.0,GLQ,1004,730,928,1734,2007
640.0,GLQ,353,55,527,408,2002
0.0,BLQ,702,192,450,894,1967
580.0,Unf,0,533,300,533,1958
0.0,LwQ,369,671,286,1040,1959
0.0,Unf,0,1012,308,1012,1920
0.0,GLQ,24,1528,782,1552,2005
0.0,Unf,0,672,288,672,1956
0.0,Unf,0,698,0,698,1947
670.0,Unf,0,384,392,384,1992
0.0,Unf,0,1005,672,1005,1955
0.0,Unf,0,1373,660,1373,2007
0.0,GLQ,1300,230,630,1530,2004
1112.0,Unf,0,847,434,847,2004
0.0,GLQ,936,0,672,936,1980
653.0,BLQ,622,500,576,1122,1928
0.0,BLQ,212,762,0,974,1991
1032.0,Unf,0,1008,205,1008,1880
878.0,GLQ,584,544,466,1128,1995
684.0,Unf,0,916,460,916,1997
0.0,Unf,0,960,180,960,1926
220.0,BLQ,280,752,288,1032,1950
240.0,Unf,0,780,0,780,1875
0.0,ALQ,1567,0,714,1567,1977
0.0,BLQ,645,270,495,915,1920
0.0,ALQ,852,100,840,952,1951
780.0,ALQ,381,399,484,780,1976
1362.0,GLQ,1150,316,1052,1466,2006
0.0,GLQ,288,718,0,1006,1959
252.0,BLQ,348,324,280,672,1941
534.0,Unf,0,1042,225,1042,1928
,GLQ,1258,40,403,1298,1985
704.0,Rec,275,429,234,704,1941
539.0,Unf,0,572,288,572,1926
650.0,ALQ,624,26,324,650,1920
0.0,Unf,0,932,306,932,1950
0.0,,176,1290,528,1466,1959
,ALQ,296,230,470,1073,1956
0.0,,538,278,432,816,1930
918.0,ALQ,454,410,492,864,1965
0.0,ALQ,1157,280,528,1437,1976
0.0,ALQ,633,586,502,1219,1965
0.0,GLQ,904,410,626,1314,2007
0.0,Unf,0,1580,830,1580,2007
933.0,ALQ,442,459,540,901,1974
601.0,,311,544,440,855,1978
0.0,BLQ,728,568,924,1296,1954
0.0,BLQ,492,402,450,894,1968
0.0,,1198,0,400,1198,1969
0.0,ALQ,680,289,588,1360,1978
0.0,Unf,0,1502,644,1502,2009
0.0,Unf,0,1694,776,1694,2008
712.0,GLQ,786,173,472,959,2000
872.0,Rec,626,501,540,1127,1935
1796.0,GLQ,1387,543,807,1930,1995
0.0,ALQ,522,574,358,1096,1977
0.0,ALQ,662,599,433,1261,1958
625.0,Unf,0,625,625,625,2006
971.0,Rec,152,977,0,1598,1946
1175.0,Rec,503,449,360,952,1932
743.0,GLQ,700,983,541,1683,1992
0.0,ALQ,658,218,264,876,1984
406.0,Rec,468,350,210,818,1926
523.0,Unf,0,731,186,731,1921
0.0,,0,0,0,0,1954
1216.0,LwQ,1216,0,693,1216,1990
0.0,GLQ,1480,120,482,1600,2008
2065.0,GLQ,2096,300,813,2396,1996
,,821,299,720,1120,1920
0.0,Rec,1159,413,995,1572,1963
272.0,BLQ,392,392,392,784,1924
685.0,BLQ,440,538,420,978,1900
0.0,GLQ,1456,168,757,1624,1994
829.0,Unf,0,831,493,831,2002
776.0,Unf,0,994,442,994,1999
0.0,BLQ,1159,90,1356,1249,1961
677.0,Unf,0,776,492,776,1999
630.0,Unf,0,702,250,702,1925
0.0,GLQ,883,341,402,1224,1999
689.0,ALQ,371,292,299,663,1969
728.0,Unf,0,728,400,728,2005
984.0,Unf,0,879,660,879,2006
875.0,Unf,0,815,225,815,1916
0.0,Unf,0,1212,573,1212,2001
0.0,Rec,547,504,459,1051,1963
0.0,Unf,0,864,280,864,1970
913.0,Unf,0,866,546,866,1998
464.0,,0,884,216,884,1925
0.0,,0,1630,451,1630,2000
0.0,ALQ,788,268,495,1056,1975
0.0,ALQ,485,1496,701,2158,1990
0.0,Rec,1056,0,384,1056,1966
0.0,GLQ,340,1342,544,1682,2003
0.0,Rec,504,319,506,931,1962
0.0,GLQ,1220,440,500,1660,2006
790.0,Unf,0,1055,462,1055,1992
672.0,GLQ,427,132,492,559,1988
0.0,Rec,344,328,234,672,1941
0.0,GLQ,648,0,364,648,1965
0.0,BLQ,784,141,300,925,1962
0.0,Rec,180,340,384,894,1966
584.0,None,0,0,539,0,1978
0.0,GLQ,936,364,552,1300,2009
,None,0,0,0,0,1947
546.0,,0,672,0,672,1971
0.0,Rec,312,0,288,912,1964
0.0,BLQ,250,210,322,952,1968
678.0,Rec,196,844,315,1040,1949
0.0,LwQ,756,1380,528,2136,1951
702.0,GLQ,724,64,388,788,2004
0.0,GLQ,507,81,264,588,1958
1039.0,Unf,0,894,668,894,2007
0.0,ALQ,595,317,576,912,1965
0.0,GLQ,1540,162,1052,1702,2008
0.0,ALQ,666,409,404,1075,1960
1259.0,GLQ,498,652,600,1361,1977
0.0,ALQ,803,303,540,1106,1962
0.0,None,0,0,462,0,1962
,Rec,1000,188,531,1188,1959
940.0,Unf,0,940,0,940,1911
892.0,Unf,0,747,180,747,1914
862.0,Unf,0,764,474,764,2003
1101.0,Unf,0,847,434,847,2004
0.0,Unf,0,1141,484,1141,2005
0.0,GLQ,428,1048,472,1476,2006
884.0,GLQ,550,334,543,884,2003
0.0,Unf,0,1689,954,1689,2007
0.0,GLQ,885,0,528,1053,1974
0.0,GLQ,1386,690,850,2076,2006
725.0,Unf,0,792,400,792,1929
728.0,Unf,0,585,477,585,1984
797.0,Unf,0,756,615,756,2005
0.0,GLQ,539,473,888,1012,1976
924.0,Rec,319,416,396,735,1917
0.0,BLQ,534,246,276,876,1950
0.0,ALQ,1065,1045,522,2110,1968
0.0,Unf,0,1405,478,1405,2003
0.0,,510,354,288,864,1968
651.0,LwQ,125,36,518,1192,1974
896.0,Unf,0,746,397,746,2003
408.0,LwQ,425,459,560,884,1931
0.0,GLQ,1314,672,691,1986,1994
0.0,Unf,0,864,0,864,1922
0.0,GLQ,655,201,400,856,2005
0.0,ALQ,602,14,460,1054,1969
783.0,Unf,0,841,502,841,1999
0.0,Rec,504,546,338,1050,1956
684.0,Unf,0,1104,304,1104,1957
764.0,Unf,0,764,520,764,1919
0.0,GLQ,266,1139,511,1405,1998
739.0,GLQ,450,241,506,691,1999
925.0,Unf,0,925,308,925,1910
0.0,Unf,0,2002,746,2002,2008
1479.0,Rec,192,536,1014,728,1935
650.0,BLQ,460,414,315,874,1958
192.0,GLQ,1258,74,586,1332,1979
0.0,Unf,0,1489,462,1489,1968
0.0,BLQ,560,0,288,935,1965
0.0,ALQ,719,300,312,1019,1959
589.0,Unf,0,661,552,661,1910
992.0,Rec,220,708,400,928,1948
660.0,BLQ,593,130,497,723,1972
0.0,ALQ,528,1152,480,1680,1967
903.0,GLQ,804,324,577,1128,2002
430.0,Unf,0,698,528,698,1920
0.0,GLQ,788,785,544,1573,2002
0.0,ALQ,1053,256,484,1309,1990
0.0,LwQ,532,364,484,1040,1977
912.0,Unf,0,912,0,912,1971
748.0,Unf,0,804,336,804,1919
587.0,Unf,0,780,280,780,1939
0.0,ALQ,569,678,528,1328,1963
0.0,Rec,812,812,390,1624,1964
0.0,GLQ,1158,343,499,1501,2000
850.0,Unf,0,1085,753,1085,2006
0.0,GLQ,1014,138,484,1152,1964
672.0,ALQ,231,399,264,630,1972
994.0,Unf,0,994,432,994,1892
832.0,GLQ,194,638,528,832,1976
0.0,Rec,167,697,572,864,1955
0.0,,1016,36,288,1052,1968
0.0,ALQ,776,344,525,1120,1963
0.0,GLQ,547,0,525,547,2005
950.0,GLQ,5644,466,1418,6110,2008
0.0,LwQ,340,0,305,1246,1959
978.0,GLQ,694,284,490,978,1999
741.0,BLQ,547,224,213,771,1942
1323.0,GLQ,740,425,844,1165,1994
0.0,Unf,0,1616,834,1616,2005
732.0,Unf,0,976,380,976,2004
0.0,GLQ,1572,80,840,1652,2006
0.0,Unf,0,1368,474,1368,2005
0.0,ALQ,746,244,480,990,1994
,GLQ,144,172,528,924,1948
0.0,GLQ,1200,78,496,1278,1991
0.0,GLQ,1406,496,567,1902,1959
0.0,GLQ,925,349,508,1274,2005
1357.0,GLQ,482,971,750,1453,1990
1177.0,Unf,0,1393,779,1393,1999
0.0,Rec,732,216,280,948,1954
1020.0,ALQ,500,176,576,952,1969
0.0,Unf,0,1622,860,1622,2008
0.0,Unf,0,1352,466,1352,2006
0.0,,0,1753,748,1753,2001
0.0,ALQ,492,372,248,864,1954
0.0,ALQ,189,628,442,1478,1957
,None,0,0,287,0,1949
862.0,GLQ,674,76,564,750,1992
0.0,LwQ,280,140,0,420,1940
0.0,Unf,0,1795,895,1795,2006
0.0,Unf,0,796,0,796,1922
0.0,Rec,544,0,0,544,1931
0.0,ALQ,641,175,264,816,1982
1208.0,LwQ,493,1017,520,1510,1920
,Unf,0,935,462,935,1998
0.0,Unf,0,1588,825,1588,2006
0.0,ALQ,483,428,576,911,1976
0.0,ALQ,690,126,288,816,1938
557.0,Unf,0,803,297,803,1938
600.0,LwQ,765,0,440,765,1970
0.0,ALQ,686,664,630,1350,1977
0.0,Unf,0,1656,506,1656,1973
0.0,,0,693,0,693,1941
941.0,GLQ,700,216,492,916,2002
0.0,Rec,360,504,288,864,1972
0.0,Unf,0,858,480,858,1971
0.0,GLQ,814,300,576,1114,2003
885.0,,0,1284,647,1284,2002
741.0,Unf,0,896,342,896,1928
728.0,Unf,0,728,440,728,2006
0.0,ALQ,250,710,308,960,1920
0.0,BLQ,297,1203,508,1568,1968
0.0,GLQ,80,1652,712,1732,2006
,GLQ,1443,39,514,1482,1998
1215.0,LwQ,259,425,0,684,1872
1296.0,LwQ,500,748,968,1248,1969
858.0,Rec,319,539,490,858,1962
390.0,Unf,0,698,624,698,1937
1185.0,,816,1217,666,2033,1995
873.0,GLQ,735,257,839,992,2000
698.0,Unf,0,570,487,570,1968
0.0,Rec,340,524,264,864,1966
0.0,GLQ,734,344,500,1078,1971
804.0,GLQ,378,378,440,756,2000
0.0,GLQ,1447,533,770,1980,2004
1611.0,Unf,0,612,621,612,1921
0.0,ALQ,1274,256,430,1530,2005
457.0,Unf,0,715,368,715,1920
796.0,Unf,0,616,432,616,2006
600.0,Unf,0,600,480,600,2005
860.0,GLQ,533,281,663,814,2000
908.0,GLQ,633,240,588,873,1999
550.0,ALQ,548,36,336,757,1977
0.0,GLQ,685,163,420,848,2003
0.0,BLQ,370,315,502,1657,2003
534.0,ALQ,315,420,338,840,1920
0.0,BLQ,831,161,377,992,1955
989.0,GLQ,975,133,583,1108,1998
0.0,GLQ,1282,1351,804,2633,2001
932.0,Unf,0,1026,936,1026,2005
0.0,,0,1571,722,1571,2007
0.0,,384,384,160,768,1930
620.0,,408,156,660,984,1941
504.0,BLQ,309,174,264,483,1973
640.0,,0,384,400,384,2006
0.0,Rec,203,661,200,864,1914
0.0,BLQ,865,340,550,1205,1970
764.0,Unf,0,596,576,596,1920
0.0,Unf,0,816,576,816,1918
560.0,Rec,204,356,280,560,1939
358.0,BLQ,735,61,240,796,1922
1392.0,,790,133,564,1392,1978
862.0,Rec,168,0,216,714,1916
0.0,GLQ,1320,426,758,1746,2006
349.0,ALQ,375,360,440,735,1941
0.0,GLQ,1400,125,541,1525,2000
0.0,Unf,0,1584,792,1584,1967
0.0,ALQ,769,95,288,864,1967
691.0,Unf,0,482,672,482,1905
0.0,GLQ,1070,286,648,1356,2006
1349.0,Unf,0,1094,642,1094,2005
0.0,BLQ,353,60,572,747,1948
574.0,Unf,0,939,180,939,1920
768.0,Rec,180,676,240,1208,1950
448.0,BLQ,264,712,216,976,1925
208.0,Unf,0,862,208,862,1929
729.0,GLQ,759,80,398,839,2004
,Unf,0,1286,662,1286,2006
0.0,GLQ,929,556,754,1485,2007
,Unf,0,672,936,672,1915
0.0,GLQ,1373,221,482,1594,2004
0.0,GLQ,656,112,396,768,1972
0.0,,625,208,0,833,1985
622.0,,0,622,528,622,1910
857.0,Unf,0,791,542,791,1986
896.0,GLQ,666,278,622,944,2001
,BLQ,120,736,271,856,1950
0.0,None,0,0,420,0,1949
0.0,GLQ,976,868,620,1844,2005
795.0,Unf,0,833,370,833,1923
0.0,,988,398,660,1386,2007
1044.0,Unf,0,777,560,777,1885
1140.0,GLQ,781,503,1069,1284,1998
0.0,BLQ,25,247,336,1144,1963
0.0,Rec,1110,734,540,1844,1969
708.0,ALQ,404,304,776,708,1968
0.0,ALQ,360,709,440,1069,1977
0.0,GLQ,686,162,420,848,2003
626.0,,0,697,432,697,1966
0.0,ALQ,457,193,484,1024,1958
0.0,Unf,0,1252,528,1252,1959
904.0,GLQ,1000,223,525,1223,1994
,BLQ,580,333,288,913,1945
0.0,BLQ,510,278,240,788,1940
0.0,BLQ,678,762,467,1440,1981
1104.0,Unf,0,732,372,732,2005
0.0,LwQ,958,0,440,958,1976
0.0,Unf,0,656,216,656,1927
830.0,Unf,0,936,451,936,2000
0.0,ALQ,936,190,484,1126,1977
0.0,,0,1319,462,1319,1962
0.0,ALQ,616,248,528,864,1971
0.0,GLQ,1336,596,774,1932,2008
0.0,GLQ,600,312,923,912,1957
685.0,GLQ,315,114,550,539,1979
748.0,Unf,0,588,672,588,1922
0.0,GLQ,697,151,420,848,2004
981.0,GLQ,765,252,812,1017,2008
0.0,Unf,0,952,192,952,1916
0.0,Unf,0,1422,626,1422,2004
0.0,LwQ,187,0,240,814,1966
0.0,,593,595,312,1188,1962
870.0,GLQ,1079,141,556,1220,1995
550.0,Unf,0,560,384,560,1910
0.0,GLQ,553,77,0,630,1970
896.0,Unf,0,896,0,896,1974
0.0,Unf,0,1573,840,1573,2008
0.0,GLQ,547,0,525,547,2005
0.0,Unf,0,1140,0,1140,2006
0.0,GLQ,410,811,400,1221,2004
694.0,Unf,0,953,460,953,1999
0.0,ALQ,790,589,500,1542,1978
1152.0,GLQ,275,877,252,1152,1941
0.0,,49,0,240,1078,1950
0.0,BLQ,830,136,276,1256,1965
